index,phase,query,actual_topic,predicted_topic,topic_confidence,routing_reason,bm25_weight,dense_weight,updated_bm25_weight,updated_dense_weight,feedback_helpful,feedback_reason,update_note,top_doc_id,top_doc_topic,recall@5,citation_hit,latency_ms
4,stable_pre_drift,retrieve climate evidence for how can renewable energy reduce greenhouse gas emissions,mitigation,adaptation,0.9754158797953548,adaptive_confident_topic,0.5,0.5,0.48,0.52,False,keyword_mismatch,updated_after_2_failures,chunk_020523,"renewable_energy, sustainability",0.0,0.0,293.17259998060763
13,stable_pre_drift,how can smart grids improve clean energy integration focusing on satellite,technology_innovation,mitigation,0.5200838538538276,adaptive_confident_topic,0.55,0.45,0.53,0.47,False,keyword_mismatch,updated_after_2_failures,chunk_020578,"carbon_capture, energy_transition, renewable_energy",0.0,0.0,240.518799982965
17,stable_pre_drift,how did COP28 address the global stocktake from the climate PDFs,uae_cop28,uae_cop28,0.9973118987092663,adaptive_confident_topic,0.65,0.35,0.67,0.33,False,missed_exact_policy,updated_after_2_failures,chunk_007582,climate_science,0.0,0.0,278.5930000245571
33,stable_pre_drift,summarize documents about how did COP28 address the global stocktake,uae_cop28,uae_cop28,0.9983761319490168,adaptive_confident_topic,0.67,0.33,0.69,0.31,False,missed_exact_policy,updated_after_2_failures,chunk_001432,climate_science,0.0,0.0,202.21670006867498
54,stable_pre_drift,which AI methods are used in climate forecasting papers using reliable citations,technology_innovation,technology_innovation,0.6076992494803625,adaptive_confident_topic,0.4,0.6,0.38,0.62,False,keyword_mismatch,updated_after_2_failures,chunk_046993,climate_ai,0.0,0.0,215.2805000077933
61,stable_pre_drift,how can renewable energy reduce greenhouse gas emissions using reliable citations,mitigation,mitigation,0.9998976040826001,adaptive_confident_topic,0.53,0.47,0.51,0.49,False,keyword_mismatch,updated_after_2_failures,chunk_020523,"renewable_energy, sustainability",0.0,0.0,189.3057000124827
65,stable_pre_drift,which AI methods are used in climate forecasting papers using reliable citations,technology_innovation,technology_innovation,0.9964740665925491,adaptive_confident_topic,0.38,0.62,0.36,0.64,False,keyword_mismatch,updated_after_2_failures,chunk_046993,climate_ai,0.0,0.0,216.23480005655438
70,stable_pre_drift,how can smart grids improve clean energy integration focusing on satellite,technology_innovation,technology_innovation,0.9815374470225796,adaptive_confident_topic,0.36,0.64,0.34,0.66,False,keyword_mismatch,updated_after_2_failures,chunk_023986,climate_ai,0.0,0.0,188.71350004337728
73,stable_pre_drift,which AI methods are used in climate forecasting papers focusing on green hydrogen,technology_innovation,technology_innovation,0.9996178459665214,adaptive_confident_topic,0.34,0.66,0.32,0.68,False,keyword_mismatch,updated_after_2_failures,chunk_046993,climate_ai,0.0,0.0,227.08820004481822
75,stable_pre_drift,retrieve climate evidence for which documents discuss UAE renewable energy commitments,uae_cop28,uae_cop28,0.5886726434194791,adaptive_confident_topic,0.69,0.31,0.71,0.29,False,missed_exact_policy,updated_after_2_failures,chunk_035851,renewable_energy,0.0,0.0,197.4446999374777
83,stable_pre_drift,show evidence about satellite monitoring for climate risks with source support,technology_innovation,technology_innovation,0.8243222494265977,adaptive_confident_topic,0.32,0.68,0.3,0.7,False,keyword_mismatch,updated_after_2_failures,chunk_028091,climate_science,0.0,0.0,198.5568000236526
94,stable_pre_drift,which documents discuss UAE renewable energy commitments focusing on global stocktake,uae_cop28,uae_cop28,0.9968959097267943,adaptive_confident_topic,0.71,0.29,0.73,0.27,False,missed_exact_policy,updated_after_2_failures,chunk_039666,"climate_science, mitigation, policy_governance, renewable_energy",0.0,0.0,191.22000003699213
101,stable_pre_drift,how did COP28 address the global stocktake for the GraphRAG agent,uae_cop28,uae_cop28,0.9998785452783988,adaptive_confident_topic,0.73,0.27,0.75,0.25,False,missed_exact_policy,updated_after_2_failures,chunk_001432,climate_science,0.0,0.0,195.63760003075004
104,stable_pre_drift,show evidence about satellite monitoring for climate risks with source support,technology_innovation,technology_innovation,0.9757506292129674,adaptive_confident_topic,0.3,0.7,0.28,0.72,False,keyword_mismatch,updated_after_2_failures,chunk_028091,climate_science,0.0,0.0,195.24939998518676
108,stable_pre_drift,answer using citations about which UAE initiatives were discussed in the COP28 documents,uae_cop28,uae_cop28,0.9534424978435101,adaptive_confident_topic,0.75,0.25,0.75,0.25,False,missed_exact_policy,updated_after_2_failures,chunk_045306,sustainability,0.0,0.0,264.5907000405714
110,stable_pre_drift,how did COP28 address the global stocktake focusing on UAE consensus,uae_cop28,uae_cop28,0.9999995147849217,adaptive_confident_topic,0.75,0.25,0.75,0.25,False,missed_exact_policy,updated_after_2_failures,chunk_001432,climate_science,0.0,0.0,230.62369995750487
112,stable_pre_drift,which AI methods are used in climate forecasting papers for the project report,technology_innovation,technology_innovation,0.9968776601290614,adaptive_confident_topic,0.28,0.72,0.26,0.74,False,keyword_mismatch,updated_after_2_failures,chunk_046993,climate_ai,0.0,0.0,240.8706999849528
118,stable_pre_drift,how can smart grids improve clean energy integration for the project report,technology_innovation,technology_innovation,0.9970282513838671,adaptive_confident_topic,0.26,0.74,0.25,0.75,False,keyword_mismatch,updated_after_2_failures,chunk_031008,"mitigation, renewable_energy",0.0,0.0,211.96499990765005
121,stable_pre_drift,how did COP28 address the global stocktake for the GraphRAG agent,uae_cop28,uae_cop28,0.9999770315878568,adaptive_confident_topic,0.75,0.25,0.75,0.25,False,missed_exact_policy,updated_after_2_failures,chunk_001432,climate_science,0.0,0.0,197.12759996764362
128,stable_pre_drift,what does the dataset say about which innovations support green hydrogen deployment,technology_innovation,technology_innovation,0.9940398094026476,adaptive_confident_topic,0.25,0.75,0.25,0.75,False,keyword_mismatch,updated_after_2_failures,chunk_020624,"policy_governance, renewable_energy",0.0,0.0,206.58540003933012
140,stable_pre_drift,what were the major climate outcomes from COP28 in the UAE focusing on COP28,uae_cop28,uae_cop28,0.9999908533782228,adaptive_confident_topic,0.75,0.25,0.75,0.25,False,missed_exact_policy,updated_after_2_failures,chunk_015741,"climate_science, policy_governance",0.0,0.0,236.21130001265556
145,stable_pre_drift,what role does machine learning play in climate analysis for the project report,technology_innovation,technology_innovation,0.9999714925218448,adaptive_confident_topic,0.25,0.75,0.25,0.75,False,keyword_mismatch,updated_after_2_failures,chunk_003660,climate_ai,0.0,0.0,222.03539998736233
147,stable_pre_drift,which documents discuss UAE renewable energy commitments focusing on COP28,uae_cop28,uae_cop28,0.9987903398181203,adaptive_confident_topic,0.75,0.25,0.75,0.25,False,missed_exact_policy,updated_after_2_failures,chunk_027323,"policy_governance, renewable_energy",0.0,0.0,174.3008999619633
152,stable_pre_drift,what role does machine learning play in climate analysis using reliable citations,technology_innovation,technology_innovation,0.9999773240752957,adaptive_confident_topic,0.25,0.75,0.25,0.75,False,keyword_mismatch,updated_after_2_failures,chunk_035898,"climate_ai, policy_governance",0.0,0.0,197.96470005530864
156,stable_pre_drift,which source explains show evidence about satellite monitoring for climate risks,technology_innovation,technology_innovation,0.9941868417727531,adaptive_confident_topic,0.25,0.75,0.25,0.75,False,keyword_mismatch,updated_after_2_failures,chunk_038163,"climate_science, energy_transition, mitigation, policy_governance, renewable_energy, sustainability",0.0,0.0,190.22619992028922
161,stable_pre_drift,what evidence mentions the UAE consensus and transition away from fossil fuels focusing on loss and damage,uae_cop28,uae_cop28,0.9999999148464022,adaptive_confident_topic,0.75,0.25,0.75,0.25,False,missed_exact_policy,updated_after_2_failures,chunk_026571,energy_transition,0.0,0.0,276.4974000165239
174,stable_pre_drift,how can renewable energy reduce greenhouse gas emissions using reliable citations,mitigation,mitigation,0.9999906274625768,adaptive_confident_topic,0.51,0.49,0.49,0.51,False,keyword_mismatch,updated_after_2_failures,chunk_020523,"renewable_energy, sustainability",0.0,0.0,186.99550000019372
175,stable_pre_drift,retrieve climate evidence for show COP28 evidence about loss and damage finance,uae_cop28,uae_cop28,0.9589653293919506,adaptive_confident_topic,0.75,0.25,0.75,0.25,False,missed_exact_policy,updated_after_2_failures,chunk_024396,climate_science,0.0,0.0,218.2602999964729
177,stable_pre_drift,show evidence about satellite monitoring for climate risks focusing on satellite,technology_innovation,technology_innovation,0.999338369217819,adaptive_confident_topic,0.25,0.75,0.25,0.75,False,keyword_mismatch,updated_after_2_failures,chunk_025517,policy_governance,0.0,0.0,189.96340001467615
185,stable_pre_drift,which documents discuss UAE renewable energy commitments using reliable citations,uae_cop28,uae_cop28,0.5111019241530401,adaptive_confident_topic,0.75,0.25,0.75,0.25,False,missed_exact_policy,updated_after_2_failures,chunk_020620,"climate_science, renewable_energy, sustainability",0.0,0.0,207.39019999746233
190,stable_pre_drift,show evidence about satellite monitoring for climate risks using reliable citations,technology_innovation,technology_innovation,0.996749310349523,adaptive_confident_topic,0.25,0.75,0.25,0.75,False,keyword_mismatch,updated_after_2_failures,chunk_021681,"adaptation, policy_governance",0.0,0.0,213.11210002750158
193,stable_pre_drift,how did COP28 address the global stocktake focusing on COP28,uae_cop28,uae_cop28,0.9999996325997138,adaptive_confident_topic,0.75,0.25,0.75,0.25,False,missed_exact_policy,updated_after_2_failures,chunk_001432,climate_science,0.0,0.0,212.35329995397478
202,stable_pre_drift,how can smart grids improve clean energy integration with source support,technology_innovation,technology_innovation,0.9995724699279499,adaptive_confident_topic,0.25,0.75,0.25,0.75,False,keyword_mismatch,updated_after_2_failures,chunk_033499,renewable_energy,0.0,0.0,416.5567000163719
206,stable_pre_drift,find evidence on which innovations support green hydrogen deployment,technology_innovation,technology_innovation,0.9971100291990594,adaptive_confident_topic,0.25,0.75,0.25,0.75,False,keyword_mismatch,updated_after_2_failures,chunk_020624,"policy_governance, renewable_energy",0.0,0.0,184.9850999424234
213,stable_pre_drift,show evidence about satellite monitoring for climate risks focusing on carbon capture,technology_innovation,technology_innovation,0.998748333915863,adaptive_confident_topic,0.25,0.75,0.25,0.75,False,keyword_mismatch,updated_after_2_failures,chunk_007666,climate_science,0.0,0.0,227.99059993121773
218,stable_pre_drift,what evidence mentions the UAE consensus and transition away from fossil fuels focusing on loss and damage,uae_cop28,uae_cop28,0.9999999963869755,adaptive_confident_topic,0.75,0.25,0.75,0.25,False,missed_exact_policy,updated_after_2_failures,chunk_026571,energy_transition,0.0,0.0,307.6090000104159
224,stable_pre_drift,which documents discuss UAE renewable energy commitments focusing on loss and damage,uae_cop28,uae_cop28,0.9999865897728513,adaptive_confident_topic,0.75,0.25,0.75,0.25,False,missed_exact_policy,updated_after_2_failures,chunk_027323,"policy_governance, renewable_energy",0.0,0.0,260.58100000955164
228,stable_pre_drift,show COP28 evidence about loss and damage finance for the project report,uae_cop28,uae_cop28,0.9967394214128286,adaptive_confident_topic,0.75,0.25,0.75,0.25,False,missed_exact_policy,updated_after_2_failures,chunk_024396,climate_science,0.0,0.0,237.11280000861734
231,stable_pre_drift,find evidence on which innovations support green hydrogen deployment,technology_innovation,technology_innovation,0.9994488017067499,adaptive_confident_topic,0.25,0.75,0.25,0.75,False,keyword_mismatch,updated_after_2_failures,chunk_020624,"policy_governance, renewable_energy",0.0,0.0,179.9570000730455
236,stable_pre_drift,how can smart grids improve clean energy integration in the evidence graph,technology_innovation,technology_innovation,0.9999254052781792,adaptive_confident_topic,0.25,0.75,0.25,0.75,False,keyword_mismatch,updated_after_2_failures,chunk_031008,"mitigation, renewable_energy",0.0,0.0,239.6613999735564
244,stable_pre_drift,what were the major climate outcomes from COP28 in the UAE focusing on global stocktake,uae_cop28,uae_cop28,0.9999999900473213,adaptive_confident_topic,0.75,0.25,0.75,0.25,False,missed_exact_policy,updated_after_2_failures,chunk_001432,climate_science,0.0,0.0,306.4726999728009
252,stable_pre_drift,how can smart grids improve clean energy integration focusing on AI,technology_innovation,technology_innovation,0.9999916353225414,adaptive_confident_topic,0.25,0.75,0.25,0.75,False,keyword_mismatch,updated_after_2_failures,chunk_024177,"energy_transition, renewable_energy",0.0,0.0,205.97509993240237
261,stable_pre_drift,which documents discuss UAE renewable energy commitments for the project report,uae_cop28,uae_cop28,0.9942114478719434,adaptive_confident_topic,0.75,0.25,0.75,0.25,False,missed_exact_policy,updated_after_2_failures,chunk_030981,climate_finance,0.0,0.0,539.7965000011027
263,stable_pre_drift,what does the dataset say about which innovations support green hydrogen deployment,technology_innovation,technology_innovation,0.9996617028549135,adaptive_confident_topic,0.25,0.75,0.25,0.75,False,keyword_mismatch,updated_after_2_failures,chunk_020624,"policy_governance, renewable_energy",0.0,0.0,318.0685000261292
270,stable_pre_drift,what technologies support carbon capture and storage focusing on satellite,technology_innovation,technology_innovation,0.9993924844789344,adaptive_confident_topic,0.25,0.75,0.25,0.75,False,keyword_mismatch,updated_after_2_failures,chunk_048106,"climate_science, mitigation, policy_governance",0.0,0.0,206.87250001356006
278,stable_pre_drift,show evidence about satellite monitoring for climate risks from the climate PDFs,technology_innovation,technology_innovation,0.9743864120933646,adaptive_confident_topic,0.25,0.75,0.25,0.75,False,keyword_mismatch,updated_after_2_failures,chunk_026905,"policy_governance, sustainability",0.0,0.0,244.11910003982484
283,stable_pre_drift,what role does machine learning play in climate analysis using reliable citations,technology_innovation,technology_innovation,0.9999815202571176,adaptive_confident_topic,0.25,0.75,0.25,0.75,False,keyword_mismatch,updated_after_2_failures,chunk_035898,"climate_ai, policy_governance",0.0,0.0,433.75470000319183
292,stable_pre_drift,how can smart grids improve clean energy integration for the project report,technology_innovation,technology_innovation,0.9999987336536467,adaptive_confident_topic,0.25,0.75,0.25,0.75,False,keyword_mismatch,updated_after_2_failures,chunk_031008,"mitigation, renewable_energy",0.0,0.0,236.20559996925294
297,stable_pre_drift,what technologies support carbon capture and storage focusing on carbon capture,technology_innovation,technology_innovation,0.9993342098734123,adaptive_confident_topic,0.25,0.75,0.25,0.75,False,keyword_mismatch,updated_after_2_failures,chunk_048106,"climate_science, mitigation, policy_governance",0.0,0.0,223.59299997333437
299,stable_pre_drift,answer using citations about how did COP28 address the global stocktake,uae_cop28,uae_cop28,0.9999032766897792,adaptive_confident_topic,0.75,0.25,0.75,0.25,False,missed_exact_policy,updated_after_2_failures,chunk_001432,climate_science,0.0,0.0,214.76300002541393
301,stable_pre_drift,answer using citations about what role does machine learning play in climate analysis,technology_innovation,technology_innovation,0.9999620040311149,adaptive_confident_topic,0.25,0.75,0.25,0.75,False,keyword_mismatch,updated_after_2_failures,chunk_035898,"climate_ai, policy_governance",0.0,0.0,242.3854999942705
310,stable_pre_drift,which documents discuss UAE renewable energy commitments for the GraphRAG agent,uae_cop28,uae_cop28,0.9995538465241075,adaptive_confident_topic,0.75,0.25,0.75,0.25,False,missed_exact_policy,updated_after_2_failures,chunk_027323,"policy_governance, renewable_energy",0.0,0.0,231.9848999613896
315,stable_pre_drift,what role does machine learning play in climate analysis for the project report,technology_innovation,technology_innovation,0.999997351865449,adaptive_confident_topic,0.25,0.75,0.25,0.75,False,keyword_mismatch,updated_after_2_failures,chunk_003660,climate_ai,0.0,0.0,256.8892000708729
329,stable_pre_drift,how did COP28 address the global stocktake in the evidence graph,uae_cop28,uae_cop28,0.9999972510802291,adaptive_confident_topic,0.75,0.25,0.75,0.25,False,missed_exact_policy,updated_after_2_failures,chunk_001432,climate_science,0.0,0.0,277.1637999685481
331,stable_pre_drift,which AI methods are used in climate forecasting papers for the GraphRAG agent,technology_innovation,technology_innovation,0.9999683197633487,adaptive_confident_topic,0.25,0.75,0.25,0.75,False,keyword_mismatch,updated_after_2_failures,chunk_046993,climate_ai,0.0,0.0,284.7120000515133
337,stable_pre_drift,answer using citations about what were the major climate outcomes from COP28 in the UAE,uae_cop28,uae_cop28,0.9999989196850487,adaptive_confident_topic,0.75,0.25,0.75,0.25,False,missed_exact_policy,updated_after_2_failures,chunk_038656,energy_transition,0.0,0.0,337.957700015977
342,stable_pre_drift,retrieve climate evidence for which documents discuss UAE renewable energy commitments,uae_cop28,uae_cop28,0.9951257737769972,adaptive_confident_topic,0.75,0.25,0.75,0.25,False,missed_exact_policy,updated_after_2_failures,chunk_035851,renewable_energy,0.0,0.0,236.0066999681294
344,stable_pre_drift,answer using citations about show COP28 evidence about loss and damage finance,uae_cop28,uae_cop28,0.999620214332885,adaptive_confident_topic,0.75,0.25,0.75,0.25,False,missed_exact_policy,updated_after_2_failures,chunk_002289,policy_governance,0.0,0.0,269.9183999793604
347,stable_pre_drift,how can smart grids improve clean energy integration from the climate PDFs,technology_innovation,technology_innovation,0.9999867389059313,adaptive_confident_topic,0.25,0.75,0.25,0.75,False,keyword_mismatch,updated_after_2_failures,chunk_033499,renewable_energy,0.0,0.0,508.81450006272644
356,concept_drift,which adaptation measures protect coastal communities for the GraphRAG agent,uae_cop28,adaptation,0.9999763414498368,adaptive_confident_topic,0.48,0.52,0.5,0.5,False,missed_exact_policy,updated_after_2_failures,chunk_019120,renewable_energy,0.0,0.0,435.7421000022441
364,concept_drift,how does drought planning reduce climate risk with source support,uae_cop28,adaptation,0.9771560421791025,adaptive_confident_topic,0.5,0.5,0.52,0.48,False,missed_exact_policy,updated_after_2_failures,chunk_005889,policy_governance,0.0,0.0,216.45469998475164
365,concept_drift,what does climate science say about sea level rise focusing on green hydrogen,technology_innovation,climate_science,0.9999494487118714,adaptive_confident_topic,0.4,0.6,0.38,0.62,False,keyword_mismatch,updated_after_2_failures,chunk_005305,"adaptation, sea_level_rise",0.0,0.0,269.7177999652922
371,concept_drift,which source explains which adaptation measures protect coastal communities,uae_cop28,adaptation,0.9999088041338832,adaptive_confident_topic,0.52,0.48,0.54,0.46,False,missed_exact_policy,updated_after_2_failures,chunk_044938,adaptation,0.0,0.0,479.0254000108689
372,concept_drift,which source explains which documents discuss UAE renewable energy commitments,adaptation,uae_cop28,0.9898093344993353,adaptive_confident_topic,0.75,0.25,0.73,0.27,False,keyword_mismatch,updated_after_2_failures,chunk_020598,"climate_science, energy_transition, renewable_energy",0.0,0.0,263.61160003580153
380,concept_drift,which papers explain global temperature anomalies focusing on AI,technology_innovation,climate_science,0.9999749572001088,adaptive_confident_topic,0.38,0.62,0.36,0.64,False,keyword_mismatch,updated_after_2_failures,chunk_000227,climate_science,0.0,0.0,210.87110007647425
387,concept_drift,which adaptation measures protect coastal communities focusing on global stocktake,uae_cop28,adaptation,0.9399186516710046,adaptive_confident_topic,0.54,0.46,0.56,0.44,False,missed_exact_policy,updated_after_2_failures,chunk_006518,"adaptation, climate_finance, sea_level_rise",0.0,0.0,224.96409993618727
391,concept_drift,explain the science behind climate feedback loops focusing on green hydrogen,technology_innovation,climate_science,0.9998228428841346,adaptive_confident_topic,0.36,0.64,0.34,0.66,False,keyword_mismatch,updated_after_2_failures,chunk_033477,"energy_transition, policy_governance, renewable_energy",0.0,0.0,522.7459000889212
392,concept_drift,what evidence mentions the UAE consensus and transition away from fossil fuels from the climate PDFs,adaptation,uae_cop28,0.9999989563859987,adaptive_confident_topic,0.73,0.27,0.71,0.29,False,keyword_mismatch,updated_after_2_failures,chunk_026571,energy_transition,0.0,0.0,748.558699968271
400,concept_drift,how did COP28 address the global stocktake using reliable citations,adaptation,uae_cop28,0.9999746050516323,adaptive_confident_topic,0.71,0.29,0.69,0.31,False,keyword_mismatch,updated_after_2_failures,chunk_001432,climate_science,0.0,0.0,239.735999959521
403,concept_drift,what evidence links emissions to radiative forcing from the climate PDFs,technology_innovation,climate_science,0.7287156287276574,adaptive_confident_topic,0.34,0.66,0.32,0.68,False,keyword_mismatch,updated_after_2_failures,chunk_014885,"climate_science, mitigation",0.0,0.0,265.55090001784265
413,concept_drift,retrieve climate evidence for what evidence discusses climate resilience for agriculture,uae_cop28,adaptation,0.9930612875551488,adaptive_confident_topic,0.56,0.44,0.58,0.42,False,missed_exact_policy,updated_after_2_failures,chunk_026214,adaptation,0.0,0.0,464.13310000207275
419,concept_drift,which papers explain global temperature anomalies focusing on satellite,technology_innovation,climate_science,0.9993506720811164,adaptive_confident_topic,0.32,0.68,0.3,0.7,False,keyword_mismatch,updated_after_2_failures,chunk_000227,climate_science,0.0,0.0,240.9706999314949
424,concept_drift,how can smart grids improve clean energy integration using reliable citations,climate_science,technology_innovation,0.9997984905852296,adaptive_confident_topic,0.25,0.75,0.25,0.75,False,keyword_mismatch,updated_after_2_failures,chunk_020623,renewable_energy,0.0,0.0,262.9118000622839
426,concept_drift,what evidence discusses climate resilience for agriculture focusing on global stocktake,uae_cop28,adaptation,0.9813910781830341,adaptive_confident_topic,0.58,0.42,0.6,0.4,False,missed_exact_policy,updated_after_2_failures,chunk_026183,"adaptation, sustainability",0.0,0.0,277.19309995882213
435,concept_drift,which source explains which adaptation measures protect coastal communities,uae_cop28,adaptation,0.9961057825497496,adaptive_confident_topic,0.6,0.4,0.62,0.38,False,missed_exact_policy,updated_after_2_failures,chunk_044938,adaptation,0.0,0.0,295.9059000713751
437,concept_drift,which documents discuss net zero mitigation pathways focusing on accountability,policy_governance,mitigation,0.9795534030867603,adaptive_confident_topic,0.49,0.51,0.51,0.49,False,missed_exact_policy,updated_after_2_failures,chunk_002758,"mitigation, sustainability",0.0,0.0,726.8135999329388
439,concept_drift,summarize documents about what role does machine learning play in climate analysis,climate_science,technology_innovation,0.9992202929285132,adaptive_confident_topic,0.25,0.75,0.25,0.75,False,keyword_mismatch,updated_after_2_failures,chunk_035898,"climate_ai, policy_governance",0.0,0.0,451.28300006035715
452,stable_post_drift,satellite and machine learning tools for climate evidence extraction using reliable citations,technology_innovation,technology_innovation,0.9994958638820846,adaptive_confident_topic,0.25,0.75,0.25,0.75,False,keyword_mismatch,updated_after_2_failures,chunk_003660,climate_ai,0.0,0.0,298.7969999667257
456,stable_post_drift,COP28 UAE renewable energy and climate finance outcomes from the climate PDFs,uae_cop28,uae_cop28,0.9994048858962719,adaptive_confident_topic,0.69,0.31,0.71,0.29,False,missed_exact_policy,updated_after_2_failures,chunk_007582,climate_science,0.0,0.0,301.77489994093776
465,stable_post_drift,Dubai COP28 agreement evidence for transition away from fossil fuels in the evidence graph,uae_cop28,uae_cop28,0.9833098232082066,adaptive_confident_topic,0.71,0.29,0.73,0.27,False,missed_exact_policy,updated_after_2_failures,chunk_026571,energy_transition,0.0,0.0,321.0808999137953
467,stable_post_drift,carbon capture technology evidence after COP28 transition goals focusing on carbon capture,technology_innovation,technology_innovation,0.9902766736339971,adaptive_confident_topic,0.25,0.75,0.25,0.75,False,keyword_mismatch,updated_after_2_failures,chunk_048106,"climate_science, mitigation, policy_governance",0.0,0.0,268.33290001377463
473,stable_post_drift,retrieve climate evidence for AI enabled climate monitoring and early warning innovation,technology_innovation,technology_innovation,0.9693963234591876,adaptive_confident_topic,0.25,0.75,0.25,0.75,False,keyword_mismatch,updated_after_2_failures,chunk_048671,sustainability,0.0,0.0,281.5933000529185
474,stable_post_drift,COP28 UAE renewable energy and climate finance outcomes in the evidence graph,uae_cop28,uae_cop28,0.9997264861356298,adaptive_confident_topic,0.73,0.27,0.75,0.25,False,missed_exact_policy,updated_after_2_failures,chunk_038156,"climate_finance, policy_governance, renewable_energy, sustainability",0.0,0.0,284.484599949792
478,stable_post_drift,UAE consensus evidence on energy transition and global stocktake focusing on loss and damage,uae_cop28,uae_cop28,0.9999512298494113,adaptive_confident_topic,0.75,0.25,0.75,0.25,False,missed_exact_policy,updated_after_2_failures,chunk_024517,"climate_science, policy_governance",0.0,0.0,354.295099969022
485,stable_post_drift,answer using citations about UAE hosted COP28 documents on loss and damage and adaptation finance,uae_cop28,uae_cop28,0.9998104613435269,adaptive_confident_topic,0.75,0.25,0.75,0.25,False,missed_exact_policy,updated_after_2_failures,chunk_025576,"adaptation, climate_finance, mitigation, policy_governance",0.0,0.0,325.2749000675976
489,stable_post_drift,AI enabled climate monitoring and early warning innovation from the climate PDFs,technology_innovation,technology_innovation,0.9902057428115328,adaptive_confident_topic,0.25,0.75,0.25,0.75,False,keyword_mismatch,updated_after_2_failures,chunk_048646,climate_ai,0.0,0.0,479.2697000084445
493,stable_post_drift,COP28 UAE renewable energy and climate finance outcomes using reliable citations,uae_cop28,uae_cop28,0.9991910236712149,adaptive_confident_topic,0.75,0.25,0.75,0.25,False,missed_exact_policy,updated_after_2_failures,chunk_004482,"climate_finance, climate_science, energy_transition, policy_governance, renewable_energy",0.0,0.0,242.8406000835821
496,stable_post_drift,retrieve climate evidence for COP28 UAE renewable energy and climate finance outcomes,uae_cop28,uae_cop28,0.9996614794343028,adaptive_confident_topic,0.75,0.25,0.75,0.25,False,missed_exact_policy,updated_after_2_failures,chunk_035851,renewable_energy,0.0,0.0,265.6886999029666
501,stable_post_drift,AI enabled climate monitoring and early warning innovation for the project report,technology_innovation,technology_innovation,0.9994696592625855,adaptive_confident_topic,0.25,0.75,0.25,0.75,False,keyword_mismatch,updated_after_2_failures,chunk_048643,"climate_ai, policy_governance, sustainability",0.0,0.0,221.80020005907863
508,stable_post_drift,satellite and machine learning tools for climate evidence extraction using reliable citations,technology_innovation,technology_innovation,0.9999364635522825,adaptive_confident_topic,0.25,0.75,0.25,0.75,False,keyword_mismatch,updated_after_2_failures,chunk_003660,climate_ai,0.0,0.0,219.67300004325807
518,stable_post_drift,UAE hosted COP28 documents on loss and damage and adaptation finance in the evidence graph,uae_cop28,uae_cop28,0.9991515799757721,adaptive_confident_topic,0.75,0.25,0.75,0.25,False,missed_exact_policy,updated_after_2_failures,chunk_025576,"adaptation, climate_finance, mitigation, policy_governance",0.0,0.0,263.24699993710965
525,stable_post_drift,retrieve climate evidence for AI enabled climate monitoring and early warning innovation,technology_innovation,technology_innovation,0.9998857756838618,adaptive_confident_topic,0.25,0.75,0.25,0.75,False,keyword_mismatch,updated_after_2_failures,chunk_048671,sustainability,0.0,0.0,519.8770000133663
529,stable_post_drift,green hydrogen innovation for industrial decarbonization focusing on carbon capture,technology_innovation,technology_innovation,0.9999822424930015,adaptive_confident_topic,0.25,0.75,0.25,0.75,False,keyword_mismatch,updated_after_2_failures,chunk_032725,unknown,0.0,0.0,229.16310001164675
538,stable_post_drift,COP28 UAE renewable energy and climate finance outcomes focusing on UAE consensus,uae_cop28,uae_cop28,0.9999973000726923,adaptive_confident_topic,0.75,0.25,0.75,0.25,False,missed_exact_policy,updated_after_2_failures,chunk_025755,"adaptation, mitigation, policy_governance",0.0,0.0,253.71329998597503
540,stable_post_drift,policy aligned emissions cuts and fossil fuel phase down evidence for the project report,mitigation,mitigation,0.9949253237221586,adaptive_confident_topic,0.51,0.49,0.49,0.51,False,keyword_mismatch,updated_after_2_failures,chunk_042829,energy_transition,0.0,0.0,284.8941000411287
545,stable_post_drift,green hydrogen innovation for industrial decarbonization focusing on AI,technology_innovation,technology_innovation,0.9999872948351943,adaptive_confident_topic,0.25,0.75,0.25,0.75,False,keyword_mismatch,updated_after_2_failures,chunk_033475,"policy_governance, sustainability",0.0,0.0,208.79079995211214
552,stable_post_drift,answer using citations about UAE consensus evidence on energy transition and global stocktake,uae_cop28,uae_cop28,0.9999945103453574,adaptive_confident_topic,0.75,0.25,0.75,0.25,False,missed_exact_policy,updated_after_2_failures,chunk_020613,"energy_transition, renewable_energy",0.0,0.0,281.97869996074587
554,stable_post_drift,what does the dataset say about satellite and machine learning tools for climate evidence extraction,technology_innovation,technology_innovation,0.9996514964872517,adaptive_confident_topic,0.25,0.75,0.25,0.75,False,keyword_mismatch,updated_after_2_failures,chunk_003660,climate_ai,0.0,0.0,307.4929000576958
560,stable_post_drift,what does the dataset say about UAE hosted COP28 documents on loss and damage and adaptation finance,uae_cop28,uae_cop28,0.9826883583517626,adaptive_confident_topic,0.75,0.25,0.75,0.25,False,missed_exact_policy,updated_after_2_failures,chunk_025576,"adaptation, climate_finance, mitigation, policy_governance",0.0,0.0,336.98200003709644
562,stable_post_drift,UAE hosted COP28 documents on loss and damage and adaptation finance for the project report,uae_cop28,uae_cop28,0.9998748498836395,adaptive_confident_topic,0.75,0.25,0.75,0.25,False,missed_exact_policy,updated_after_2_failures,chunk_025576,"adaptation, climate_finance, mitigation, policy_governance",0.0,0.0,303.1254999805242
564,stable_post_drift,mitigation route for national carbon budget after global stocktake focusing on renewables,mitigation,mitigation,0.9999009493436377,adaptive_confident_topic,0.49,0.51,0.47,0.53,False,keyword_mismatch,updated_after_2_failures,chunk_029280,climate_science,0.0,0.0,349.9094999860972
565,stable_post_drift,carbon capture technology evidence after COP28 transition goals with source support,technology_innovation,technology_innovation,0.9995575066794644,adaptive_confident_topic,0.25,0.75,0.25,0.75,False,keyword_mismatch,updated_after_2_failures,chunk_048106,"climate_science, mitigation, policy_governance",0.0,0.0,588.1508000893518
574,stable_post_drift,carbon capture technology evidence after COP28 transition goals from the climate PDFs,technology_innovation,technology_innovation,0.9978796738768699,adaptive_confident_topic,0.25,0.75,0.25,0.75,False,keyword_mismatch,updated_after_2_failures,chunk_034934,mitigation,0.0,0.0,239.1469000140205
579,stable_post_drift,Dubai COP28 agreement evidence for transition away from fossil fuels focusing on loss and damage,uae_cop28,uae_cop28,0.9999481698228495,adaptive_confident_topic,0.75,0.25,0.75,0.25,False,missed_exact_policy,updated_after_2_failures,chunk_026571,energy_transition,0.0,0.0,287.2753000119701
583,stable_post_drift,UAE consensus evidence on energy transition and global stocktake from the climate PDFs,uae_cop28,uae_cop28,0.9999847028500117,adaptive_confident_topic,0.75,0.25,0.75,0.25,False,missed_exact_policy,updated_after_2_failures,chunk_007582,climate_science,0.0,0.0,249.26950002554804
587,stable_post_drift,AI enabled climate monitoring and early warning innovation focusing on AI,technology_innovation,technology_innovation,0.9999969047608145,adaptive_confident_topic,0.25,0.75,0.25,0.75,False,keyword_mismatch,updated_after_2_failures,chunk_048643,"climate_ai, policy_governance, sustainability",0.0,0.0,189.62080008350313
591,stable_post_drift,green hydrogen innovation for industrial decarbonization in the evidence graph,technology_innovation,technology_innovation,0.9999932740994264,adaptive_confident_topic,0.25,0.75,0.25,0.75,False,keyword_mismatch,updated_after_2_failures,chunk_027600,"climate_science, energy_transition, mitigation, renewable_energy",0.0,0.0,185.3944999165833
596,stable_post_drift,find evidence on carbon capture technology evidence after COP28 transition goals,technology_innovation,technology_innovation,0.9994392554560739,adaptive_confident_topic,0.25,0.75,0.25,0.75,False,keyword_mismatch,updated_after_2_failures,chunk_048106,"climate_science, mitigation, policy_governance",0.0,0.0,183.77140001393855
597,stable_post_drift,UAE consensus evidence on energy transition and global stocktake focusing on COP28,uae_cop28,uae_cop28,0.9999911176979438,adaptive_confident_topic,0.75,0.25,0.75,0.25,False,missed_exact_policy,updated_after_2_failures,chunk_026183,"adaptation, sustainability",0.0,0.0,206.19290007743984
600,stable_post_drift,green hydrogen innovation for industrial decarbonization for the project report,technology_innovation,technology_innovation,0.9999965584475523,adaptive_confident_topic,0.25,0.75,0.25,0.75,False,keyword_mismatch,updated_after_2_failures,chunk_027600,"climate_science, energy_transition, mitigation, renewable_energy",0.0,0.0,185.9114000108093
