index,query,actual_topic,predicted_topic,correct,cumulative_accuracy,rolling_accuracy,drift_alert,phase
1,what were the major climate outcomes from COP28 in the UAE focusing on COP28,uae_cop28,__none__,FALSE,0,0,FALSE,stable_pre_drift
2,what evidence discusses climate resilience for agriculture focusing on flood risk,adaptation,uae_cop28,FALSE,0,0,FALSE,stable_pre_drift
3,show COP28 evidence about loss and damage finance with source support,uae_cop28,adaptation,FALSE,0,0,FALSE,stable_pre_drift
4,retrieve climate evidence for how can renewable energy reduce greenhouse gas emissions,mitigation,adaptation,FALSE,0,0,FALSE,stable_pre_drift
5,what mitigation actions reduce fossil fuel dependence focusing on decarbonization,mitigation,adaptation,FALSE,0,0,FALSE,stable_pre_drift
6,retrieve climate evidence for which documents discuss UAE renewable energy commitments,uae_cop28,mitigation,FALSE,0,0,FALSE,stable_pre_drift
7,what does climate science say about sea level rise for the GraphRAG agent,climate_science,adaptation,FALSE,0,0,FALSE,stable_pre_drift
8,which papers explain global temperature anomalies focusing on temperature,climate_science,adaptation,FALSE,0,0,FALSE,stable_pre_drift
9,what does climate science say about sea level rise for the GraphRAG agent,climate_science,climate_science,TRUE,0.1111,0.1111,FALSE,stable_pre_drift
10,explain the science behind climate feedback loops focusing on sea level,climate_science,climate_science,TRUE,0.2,0.2,FALSE,stable_pre_drift
11,what evidence mentions the UAE consensus and transition away from fossil fuels focusing on COP28,uae_cop28,uae_cop28,TRUE,0.2727,0.2727,FALSE,stable_pre_drift
12,which climate policies address renewable energy targets focusing on finance,policy_governance,uae_cop28,FALSE,0.25,0.25,FALSE,stable_pre_drift
13,how can smart grids improve clean energy integration focusing on satellite,technology_innovation,mitigation,FALSE,0.2308,0.2308,FALSE,stable_pre_drift
14,show climate evidence about methane reduction strategies focusing on decarbonization,mitigation,uae_cop28,FALSE,0.2143,0.2143,FALSE,stable_pre_drift
15,what evidence links carbon pricing to emissions reduction in the evidence graph,mitigation,uae_cop28,FALSE,0.2,0.2,FALSE,stable_pre_drift
16,how did COP28 address the global stocktake from the climate PDFs,uae_cop28,uae_cop28,TRUE,0.25,0.25,FALSE,stable_pre_drift
17,how did COP28 address the global stocktake from the climate PDFs,uae_cop28,uae_cop28,TRUE,0.2941,0.2941,FALSE,stable_pre_drift
18,which source explains what role does machine learning play in climate analysis,technology_innovation,climate_science,FALSE,0.2778,0.2778,FALSE,stable_pre_drift
19,show findings about ocean warming and ice melt with source support,climate_science,uae_cop28,FALSE,0.2632,0.2632,FALSE,stable_pre_drift
20,how can cities adapt to extreme heat and flooding with source support,adaptation,technology_innovation,FALSE,0.25,0.25,FALSE,stable_pre_drift
21,which source explains what adaptation policies help water security,adaptation,technology_innovation,FALSE,0.2381,0.2381,FALSE,stable_pre_drift
22,summarize documents about show documents about climate finance policy,policy_governance,uae_cop28,FALSE,0.2273,0.2273,FALSE,stable_pre_drift
23,show evidence about disaster risk reduction and resilience focusing on heat stress,adaptation,mitigation,FALSE,0.2174,0.2174,FALSE,stable_pre_drift
24,what evidence discusses carbon market governance from the climate PDFs,policy_governance,uae_cop28,FALSE,0.2083,0.2083,FALSE,stable_pre_drift
25,which innovations support green hydrogen deployment focusing on AI,technology_innovation,adaptation,FALSE,0.2,0.2,FALSE,stable_pre_drift
26,what evidence links carbon pricing to emissions reduction focusing on decarbonization,mitigation,mitigation,TRUE,0.2308,0.2308,FALSE,stable_pre_drift
27,what evidence discusses carbon market governance using reliable citations,policy_governance,policy_governance,TRUE,0.2593,0.2593,FALSE,stable_pre_drift
28,what evidence discusses carbon market governance focusing on finance,policy_governance,policy_governance,TRUE,0.2857,0.2857,FALSE,stable_pre_drift
29,show climate evidence about methane reduction strategies using reliable citations,mitigation,policy_governance,FALSE,0.2759,0.2759,FALSE,stable_pre_drift
30,which source explains show findings about ocean warming and ice melt,climate_science,climate_science,TRUE,0.3,0.3,FALSE,stable_pre_drift
31,how does drought planning reduce climate risk focusing on resilience,adaptation,adaptation,TRUE,0.3226,0.3226,FALSE,stable_pre_drift
32,how did COP28 address the global stocktake with source support,uae_cop28,uae_cop28,TRUE,0.3438,0.3438,FALSE,stable_pre_drift
33,summarize documents about how did COP28 address the global stocktake,uae_cop28,uae_cop28,TRUE,0.3636,0.3636,FALSE,stable_pre_drift
34,show evidence about satellite monitoring for climate risks in the evidence graph,technology_innovation,mitigation,FALSE,0.3529,0.3529,FALSE,stable_pre_drift
35,how can renewable energy reduce greenhouse gas emissions focusing on net zero,mitigation,mitigation,TRUE,0.3714,0.3714,FALSE,stable_pre_drift
36,retrieve climate evidence for which papers explain global temperature anomalies,climate_science,climate_science,TRUE,0.3889,0.3889,FALSE,stable_pre_drift
37,how can renewable energy reduce greenhouse gas emissions focusing on renewables,mitigation,mitigation,TRUE,0.4054,0.4054,FALSE,stable_pre_drift
38,what technologies support carbon capture and storage using reliable citations,technology_innovation,policy_governance,FALSE,0.3947,0.3947,FALSE,stable_pre_drift
39,which adaptation measures protect coastal communities focusing on water security,adaptation,adaptation,TRUE,0.4103,0.4103,FALSE,stable_pre_drift
40,what role does machine learning play in climate analysis focusing on satellite,technology_innovation,technology_innovation,TRUE,0.425,0.425,FALSE,stable_pre_drift
41,show documents about climate finance policy using reliable citations,policy_governance,policy_governance,TRUE,0.439,0.439,FALSE,stable_pre_drift
42,what does the dataset say about which climate policies address renewable energy targets,policy_governance,policy_governance,TRUE,0.4524,0.4524,FALSE,stable_pre_drift
43,what mitigation actions reduce fossil fuel dependence with source support,mitigation,mitigation,TRUE,0.4651,0.4651,FALSE,stable_pre_drift
44,find evidence on show climate evidence about methane reduction strategies,mitigation,mitigation,TRUE,0.4773,0.4773,FALSE,stable_pre_drift
45,which source explains what does climate science say about sea level rise,climate_science,climate_science,TRUE,0.4889,0.4889,FALSE,stable_pre_drift
46,what adaptation policies help water security focusing on flood risk,adaptation,adaptation,TRUE,0.5,0.5,FALSE,stable_pre_drift
47,which source explains show evidence about satellite monitoring for climate risks,technology_innovation,climate_science,FALSE,0.4894,0.4894,FALSE,stable_pre_drift
48,which source explains what governance mechanisms support national climate plans,policy_governance,technology_innovation,FALSE,0.4792,0.4792,FALSE,stable_pre_drift
49,what evidence links emissions to radiative forcing for the project report,climate_science,mitigation,FALSE,0.4694,0.4694,FALSE,stable_pre_drift
50,answer using citations about show climate evidence about methane reduction strategies,mitigation,mitigation,TRUE,0.48,0.48,FALSE,stable_pre_drift
51,retrieve climate evidence for what does climate science say about sea level rise,climate_science,climate_science,TRUE,0.4902,0.5,FALSE,stable_pre_drift
52,which source explains what governance mechanisms support national climate plans,policy_governance,policy_governance,TRUE,0.5,0.52,FALSE,stable_pre_drift
53,how can cities adapt to extreme heat and flooding focusing on water security,adaptation,adaptation,TRUE,0.5094,0.54,FALSE,stable_pre_drift
54,which AI methods are used in climate forecasting papers using reliable citations,technology_innovation,technology_innovation,TRUE,0.5185,0.56,FALSE,stable_pre_drift
55,which source explains how can renewable energy reduce greenhouse gas emissions,mitigation,mitigation,TRUE,0.5273,0.58,FALSE,stable_pre_drift
56,what governance mechanisms support national climate plans focusing on accountability,policy_governance,policy_governance,TRUE,0.5357,0.6,FALSE,stable_pre_drift
57,how does drought planning reduce climate risk focusing on resilience,adaptation,adaptation,TRUE,0.5439,0.62,FALSE,stable_pre_drift
58,what evidence links emissions to radiative forcing for the project report,climate_science,climate_science,TRUE,0.5517,0.64,FALSE,stable_pre_drift
59,what does the dataset say about what role does machine learning play in climate analysis,technology_innovation,technology_innovation,TRUE,0.5593,0.64,FALSE,stable_pre_drift
60,how can cities adapt to extreme heat and flooding focusing on resilience,adaptation,adaptation,TRUE,0.5667,0.64,FALSE,stable_pre_drift
61,how can renewable energy reduce greenhouse gas emissions using reliable citations,mitigation,mitigation,TRUE,0.5738,0.64,FALSE,stable_pre_drift
62,how can cities adapt to extreme heat and flooding focusing on resilience,adaptation,adaptation,TRUE,0.5806,0.66,FALSE,stable_pre_drift
63,what mitigation actions reduce fossil fuel dependence from the climate PDFs,mitigation,mitigation,TRUE,0.5873,0.68,FALSE,stable_pre_drift
64,which climate policies address renewable energy targets with source support,policy_governance,policy_governance,TRUE,0.5938,0.7,FALSE,stable_pre_drift
65,which AI methods are used in climate forecasting papers using reliable citations,technology_innovation,technology_innovation,TRUE,0.6,0.72,FALSE,stable_pre_drift
66,answer using citations about how can smart grids improve clean energy integration,technology_innovation,technology_innovation,TRUE,0.6061,0.72,FALSE,stable_pre_drift
67,which papers explain global temperature anomalies for the project report,climate_science,climate_science,TRUE,0.6119,0.72,FALSE,stable_pre_drift
68,find evidence on how did COP28 address the global stocktake,uae_cop28,uae_cop28,TRUE,0.6176,0.74,FALSE,stable_pre_drift
69,summarize documents about how does energy efficiency support climate mitigation,mitigation,policy_governance,FALSE,0.6087,0.74,FALSE,stable_pre_drift
70,how can smart grids improve clean energy integration focusing on satellite,technology_innovation,technology_innovation,TRUE,0.6143,0.76,FALSE,stable_pre_drift
71,which source explains what evidence links carbon pricing to emissions reduction,mitigation,mitigation,TRUE,0.6197,0.78,FALSE,stable_pre_drift
72,what role does machine learning play in climate analysis for the project report,technology_innovation,technology_innovation,TRUE,0.625,0.8,FALSE,stable_pre_drift
73,which AI methods are used in climate forecasting papers focusing on green hydrogen,technology_innovation,technology_innovation,TRUE,0.6301,0.82,FALSE,stable_pre_drift
74,find evidence on what evidence links carbon pricing to emissions reduction,mitigation,mitigation,TRUE,0.6351,0.84,FALSE,stable_pre_drift
75,retrieve climate evidence for which documents discuss UAE renewable energy commitments,uae_cop28,uae_cop28,TRUE,0.64,0.86,FALSE,stable_pre_drift
76,answer using citations about show evidence about disaster risk reduction and resilience,adaptation,mitigation,FALSE,0.6316,0.84,FALSE,stable_pre_drift
77,find evidence on explain the science behind climate feedback loops,climate_science,climate_science,TRUE,0.6364,0.84,FALSE,stable_pre_drift
78,show climate evidence about methane reduction strategies focusing on renewables,mitigation,mitigation,TRUE,0.641,0.84,FALSE,stable_pre_drift
79,how can renewable energy reduce greenhouse gas emissions focusing on net zero,mitigation,mitigation,TRUE,0.6456,0.86,FALSE,stable_pre_drift
80,how did COP28 address the global stocktake focusing on UAE consensus,uae_cop28,uae_cop28,TRUE,0.65,0.86,FALSE,stable_pre_drift
81,what role does machine learning play in climate analysis with source support,technology_innovation,technology_innovation,TRUE,0.6543,0.86,FALSE,stable_pre_drift
82,show climate evidence about methane reduction strategies for the GraphRAG agent,mitigation,mitigation,TRUE,0.6585,0.86,FALSE,stable_pre_drift
83,show evidence about satellite monitoring for climate risks with source support,technology_innovation,technology_innovation,TRUE,0.6627,0.86,FALSE,stable_pre_drift
84,how do climate models project future warming focusing on models,climate_science,adaptation,FALSE,0.6548,0.86,FALSE,stable_pre_drift
85,show evidence about disaster risk reduction and resilience for the GraphRAG agent,adaptation,adaptation,TRUE,0.6588,0.86,FALSE,stable_pre_drift
86,which innovations support green hydrogen deployment focusing on satellite,technology_innovation,technology_innovation,TRUE,0.6628,0.86,FALSE,stable_pre_drift
87,what evidence discusses climate resilience for agriculture focusing on flood risk,adaptation,adaptation,TRUE,0.6667,0.86,FALSE,stable_pre_drift
88,what evidence links carbon pricing to emissions reduction focusing on net zero,mitigation,mitigation,TRUE,0.6705,0.88,FALSE,stable_pre_drift
89,answer using citations about show documents about climate finance policy,policy_governance,policy_governance,TRUE,0.6742,0.88,FALSE,stable_pre_drift
90,how does energy efficiency support climate mitigation focusing on emissions,mitigation,mitigation,TRUE,0.6778,0.88,FALSE,stable_pre_drift
91,summarize documents about what evidence discusses climate resilience for agriculture,adaptation,policy_governance,FALSE,0.6703,0.86,FALSE,stable_pre_drift
92,how can cities adapt to extreme heat and flooding for the GraphRAG agent,adaptation,adaptation,TRUE,0.6739,0.86,FALSE,stable_pre_drift
93,which documents discuss net zero mitigation pathways in the evidence graph,mitigation,mitigation,TRUE,0.6774,0.86,FALSE,stable_pre_drift
94,which documents discuss UAE renewable energy commitments focusing on global stocktake,uae_cop28,uae_cop28,TRUE,0.6809,0.86,FALSE,stable_pre_drift
95,which documents discuss net zero mitigation pathways for the GraphRAG agent,mitigation,mitigation,TRUE,0.6842,0.86,FALSE,stable_pre_drift
96,what does the dataset say about how can renewable energy reduce greenhouse gas emissions,mitigation,mitigation,TRUE,0.6875,0.86,FALSE,stable_pre_drift
97,what evidence discusses carbon market governance using reliable citations,policy_governance,policy_governance,TRUE,0.6907,0.88,FALSE,stable_pre_drift
98,which adaptation measures protect coastal communities focusing on resilience,adaptation,adaptation,TRUE,0.6939,0.9,FALSE,stable_pre_drift
99,what mitigation actions reduce fossil fuel dependence with source support,mitigation,mitigation,TRUE,0.697,0.92,FALSE,stable_pre_drift
100,how did COP28 address the global stocktake with source support,uae_cop28,uae_cop28,TRUE,0.7,0.92,FALSE,stable_pre_drift
101,how did COP28 address the global stocktake for the GraphRAG agent,uae_cop28,uae_cop28,TRUE,0.703,0.92,FALSE,stable_pre_drift
102,show documents about climate finance policy from the climate PDFs,policy_governance,policy_governance,TRUE,0.7059,0.92,FALSE,stable_pre_drift
103,show documents about climate finance policy from the climate PDFs,policy_governance,policy_governance,TRUE,0.7087,0.92,FALSE,stable_pre_drift
104,show evidence about satellite monitoring for climate risks with source support,technology_innovation,technology_innovation,TRUE,0.7115,0.92,FALSE,stable_pre_drift
105,how do climate models project future warming using reliable citations,climate_science,climate_science,TRUE,0.7143,0.92,FALSE,stable_pre_drift
106,what role does machine learning play in climate analysis in the evidence graph,technology_innovation,technology_innovation,TRUE,0.717,0.92,FALSE,stable_pre_drift
107,which UAE initiatives were discussed in the COP28 documents focusing on loss and damage,uae_cop28,uae_cop28,TRUE,0.7196,0.92,FALSE,stable_pre_drift
108,answer using citations about which UAE initiatives were discussed in the COP28 documents,uae_cop28,uae_cop28,TRUE,0.7222,0.92,FALSE,stable_pre_drift
109,summarize documents about which documents discuss UAE renewable energy commitments,uae_cop28,uae_cop28,TRUE,0.7248,0.92,FALSE,stable_pre_drift
110,how did COP28 address the global stocktake focusing on UAE consensus,uae_cop28,uae_cop28,TRUE,0.7273,0.92,FALSE,stable_pre_drift
111,which source explains how can cities adapt to extreme heat and flooding,adaptation,adaptation,TRUE,0.7297,0.92,FALSE,stable_pre_drift
112,which AI methods are used in climate forecasting papers for the project report,technology_innovation,technology_innovation,TRUE,0.7321,0.92,FALSE,stable_pre_drift
113,what technologies support carbon capture and storage from the climate PDFs,technology_innovation,policy_governance,FALSE,0.7257,0.9,FALSE,stable_pre_drift
114,show evidence about disaster risk reduction and resilience focusing on resilience,adaptation,adaptation,TRUE,0.7281,0.9,FALSE,stable_pre_drift
115,answer using citations about how does energy efficiency support climate mitigation,mitigation,mitigation,TRUE,0.7304,0.9,FALSE,stable_pre_drift
116,which innovations support green hydrogen deployment with source support,technology_innovation,technology_innovation,TRUE,0.7328,0.9,FALSE,stable_pre_drift
117,what governance mechanisms support national climate plans using reliable citations,policy_governance,policy_governance,TRUE,0.735,0.9,FALSE,stable_pre_drift
118,how can smart grids improve clean energy integration for the project report,technology_innovation,technology_innovation,TRUE,0.7373,0.9,FALSE,stable_pre_drift
119,which innovations support green hydrogen deployment focusing on carbon capture,technology_innovation,technology_innovation,TRUE,0.7395,0.92,FALSE,stable_pre_drift
120,summarize documents about what evidence mentions the UAE consensus and transition away from fossil fuels,uae_cop28,uae_cop28,TRUE,0.7417,0.92,FALSE,stable_pre_drift
121,how did COP28 address the global stocktake for the GraphRAG agent,uae_cop28,uae_cop28,TRUE,0.7438,0.92,FALSE,stable_pre_drift
122,what does the dataset say about which climate policies address renewable energy targets,policy_governance,policy_governance,TRUE,0.7459,0.92,FALSE,stable_pre_drift
123,summarize documents about explain the science behind climate feedback loops,climate_science,climate_science,TRUE,0.748,0.92,FALSE,stable_pre_drift
124,show documents about climate finance policy focusing on regulation,policy_governance,policy_governance,TRUE,0.75,0.92,FALSE,stable_pre_drift
125,which source explains how does energy efficiency support climate mitigation,mitigation,mitigation,TRUE,0.752,0.92,FALSE,stable_pre_drift
126,which climate policies address renewable energy targets focusing on regulation,policy_governance,policy_governance,TRUE,0.754,0.94,FALSE,stable_pre_drift
127,what evidence discusses carbon market governance focusing on NDC,policy_governance,policy_governance,TRUE,0.7559,0.94,FALSE,stable_pre_drift
128,what does the dataset say about which innovations support green hydrogen deployment,technology_innovation,technology_innovation,TRUE,0.7578,0.94,FALSE,stable_pre_drift
129,what evidence links emissions to radiative forcing for the project report,climate_science,climate_science,TRUE,0.7597,0.94,FALSE,stable_pre_drift
130,show evidence about satellite monitoring for climate risks for the GraphRAG agent,technology_innovation,technology_innovation,TRUE,0.7615,0.94,FALSE,stable_pre_drift
131,which regulations support climate accountability for the project report,policy_governance,technology_innovation,FALSE,0.7557,0.92,FALSE,stable_pre_drift
132,what evidence mentions the UAE consensus and transition away from fossil fuels focusing on UAE consensus,uae_cop28,uae_cop28,TRUE,0.7576,0.92,FALSE,stable_pre_drift
133,what adaptation policies help water security focusing on resilience,adaptation,adaptation,TRUE,0.7594,0.92,FALSE,stable_pre_drift
134,which source explains show evidence about satellite monitoring for climate risks,technology_innovation,technology_innovation,TRUE,0.7612,0.94,FALSE,stable_pre_drift
135,which source explains how does drought planning reduce climate risk,adaptation,adaptation,TRUE,0.763,0.94,FALSE,stable_pre_drift
136,which source explains which papers explain global temperature anomalies,climate_science,climate_science,TRUE,0.7647,0.94,FALSE,stable_pre_drift
137,what evidence links emissions to radiative forcing focusing on sea level,climate_science,climate_science,TRUE,0.7664,0.94,FALSE,stable_pre_drift
138,which climate policies address renewable energy targets focusing on NDC,policy_governance,policy_governance,TRUE,0.7681,0.94,FALSE,stable_pre_drift
139,which papers explain global temperature anomalies focusing on models,climate_science,climate_science,TRUE,0.7698,0.94,FALSE,stable_pre_drift
140,what were the major climate outcomes from COP28 in the UAE focusing on COP28,uae_cop28,uae_cop28,TRUE,0.7714,0.94,FALSE,stable_pre_drift
141,which source explains how can cities adapt to extreme heat and flooding,adaptation,adaptation,TRUE,0.773,0.96,FALSE,stable_pre_drift
142,what were the major climate outcomes from COP28 in the UAE for the GraphRAG agent,uae_cop28,uae_cop28,TRUE,0.7746,0.96,FALSE,stable_pre_drift
143,which papers explain global temperature anomalies focusing on models,climate_science,climate_science,TRUE,0.7762,0.96,FALSE,stable_pre_drift
144,which adaptation measures protect coastal communities for the GraphRAG agent,adaptation,adaptation,TRUE,0.7778,0.96,FALSE,stable_pre_drift
145,what role does machine learning play in climate analysis for the project report,technology_innovation,technology_innovation,TRUE,0.7793,0.96,FALSE,stable_pre_drift
146,what does the dataset say about how can cities adapt to extreme heat and flooding,adaptation,adaptation,TRUE,0.7808,0.96,FALSE,stable_pre_drift
147,which documents discuss UAE renewable energy commitments focusing on COP28,uae_cop28,uae_cop28,TRUE,0.7823,0.96,FALSE,stable_pre_drift
148,which AI methods are used in climate forecasting papers for the project report,technology_innovation,technology_innovation,TRUE,0.7838,0.96,FALSE,stable_pre_drift
149,which source explains what does climate science say about sea level rise,climate_science,climate_science,TRUE,0.7852,0.96,FALSE,stable_pre_drift
150,which climate policies address renewable energy targets focusing on accountability,policy_governance,policy_governance,TRUE,0.7867,0.96,FALSE,stable_pre_drift
151,what evidence mentions the UAE consensus and transition away from fossil fuels for the project report,uae_cop28,uae_cop28,TRUE,0.7881,0.96,FALSE,stable_pre_drift
152,what role does machine learning play in climate analysis using reliable citations,technology_innovation,technology_innovation,TRUE,0.7895,0.96,FALSE,stable_pre_drift
153,which regulations support climate accountability focusing on accountability,policy_governance,policy_governance,TRUE,0.7908,0.96,FALSE,stable_pre_drift
154,how can smart grids improve clean energy integration focusing on green hydrogen,technology_innovation,technology_innovation,TRUE,0.7922,0.96,FALSE,stable_pre_drift
155,which source explains which documents discuss net zero mitigation pathways,mitigation,mitigation,TRUE,0.7935,0.96,FALSE,stable_pre_drift
156,which source explains show evidence about satellite monitoring for climate risks,technology_innovation,technology_innovation,TRUE,0.7949,0.96,FALSE,stable_pre_drift
157,what does the dataset say about which papers explain global temperature anomalies,climate_science,climate_science,TRUE,0.7962,0.96,FALSE,stable_pre_drift
158,how do climate models project future warming using reliable citations,climate_science,climate_science,TRUE,0.7975,0.96,FALSE,stable_pre_drift
159,how can cities adapt to extreme heat and flooding focusing on flood risk,adaptation,adaptation,TRUE,0.7987,0.96,FALSE,stable_pre_drift
160,what evidence discusses carbon market governance for the project report,policy_governance,policy_governance,TRUE,0.8,0.96,FALSE,stable_pre_drift
161,what evidence mentions the UAE consensus and transition away from fossil fuels focusing on loss and damage,uae_cop28,uae_cop28,TRUE,0.8012,0.96,FALSE,stable_pre_drift
162,which documents discuss net zero mitigation pathways from the climate PDFs,mitigation,mitigation,TRUE,0.8025,0.96,FALSE,stable_pre_drift
163,show findings about ocean warming and ice melt using reliable citations,climate_science,climate_science,TRUE,0.8037,0.98,FALSE,stable_pre_drift
164,what evidence links emissions to radiative forcing in the evidence graph,climate_science,mitigation,FALSE,0.7988,0.96,FALSE,stable_pre_drift
165,answer using citations about how do climate models project future warming,climate_science,climate_science,TRUE,0.8,0.96,FALSE,stable_pre_drift
166,which adaptation measures protect coastal communities focusing on resilience,adaptation,adaptation,TRUE,0.8012,0.96,FALSE,stable_pre_drift
167,which source explains which UAE initiatives were discussed in the COP28 documents,uae_cop28,uae_cop28,TRUE,0.8024,0.96,FALSE,stable_pre_drift
168,show findings about ocean warming and ice melt focusing on sea level,climate_science,climate_science,TRUE,0.8036,0.96,FALSE,stable_pre_drift
169,which adaptation measures protect coastal communities for the GraphRAG agent,adaptation,adaptation,TRUE,0.8047,0.96,FALSE,stable_pre_drift
170,find evidence on show climate evidence about methane reduction strategies,mitigation,mitigation,TRUE,0.8059,0.96,FALSE,stable_pre_drift
171,how can smart grids improve clean energy integration in the evidence graph,technology_innovation,technology_innovation,TRUE,0.807,0.96,FALSE,stable_pre_drift
172,how can renewable energy reduce greenhouse gas emissions in the evidence graph,mitigation,mitigation,TRUE,0.8081,0.96,FALSE,stable_pre_drift
173,which source explains which papers explain global temperature anomalies,climate_science,climate_science,TRUE,0.8092,0.96,FALSE,stable_pre_drift
174,how can renewable energy reduce greenhouse gas emissions using reliable citations,mitigation,mitigation,TRUE,0.8103,0.96,FALSE,stable_pre_drift
175,retrieve climate evidence for show COP28 evidence about loss and damage finance,uae_cop28,uae_cop28,TRUE,0.8114,0.96,FALSE,stable_pre_drift
176,which source explains what does climate science say about sea level rise,climate_science,climate_science,TRUE,0.8125,0.96,FALSE,stable_pre_drift
177,show evidence about satellite monitoring for climate risks focusing on satellite,technology_innovation,technology_innovation,TRUE,0.8136,0.96,FALSE,stable_pre_drift
178,retrieve climate evidence for which regulations support climate accountability,policy_governance,policy_governance,TRUE,0.8146,0.96,FALSE,stable_pre_drift
179,how do NDCs guide climate policy implementation for the project report,policy_governance,climate_science,FALSE,0.8101,0.94,FALSE,stable_pre_drift
180,find evidence on what evidence links carbon pricing to emissions reduction,mitigation,mitigation,TRUE,0.8111,0.94,FALSE,stable_pre_drift
181,what evidence discusses climate resilience for agriculture from the climate PDFs,adaptation,policy_governance,FALSE,0.8066,0.94,FALSE,stable_pre_drift
182,how does energy efficiency support climate mitigation in the evidence graph,mitigation,mitigation,TRUE,0.8077,0.94,FALSE,stable_pre_drift
183,what does the dataset say about what does climate science say about sea level rise,climate_science,climate_science,TRUE,0.8087,0.94,FALSE,stable_pre_drift
184,what evidence mentions the UAE consensus and transition away from fossil fuels for the GraphRAG agent,uae_cop28,uae_cop28,TRUE,0.8098,0.94,FALSE,stable_pre_drift
185,which documents discuss UAE renewable energy commitments using reliable citations,uae_cop28,uae_cop28,TRUE,0.8108,0.94,FALSE,stable_pre_drift
186,show evidence about disaster risk reduction and resilience focusing on flood risk,adaptation,adaptation,TRUE,0.8118,0.94,FALSE,stable_pre_drift
187,what does the dataset say about how can cities adapt to extreme heat and flooding,adaptation,adaptation,TRUE,0.8128,0.94,FALSE,stable_pre_drift
188,what role does machine learning play in climate analysis in the evidence graph,technology_innovation,technology_innovation,TRUE,0.8138,0.94,FALSE,stable_pre_drift
189,how did COP28 address the global stocktake focusing on loss and damage,uae_cop28,uae_cop28,TRUE,0.8148,0.94,FALSE,stable_pre_drift
190,show evidence about satellite monitoring for climate risks using reliable citations,technology_innovation,technology_innovation,TRUE,0.8158,0.94,FALSE,stable_pre_drift
191,how does energy efficiency support climate mitigation with source support,mitigation,mitigation,TRUE,0.8168,0.94,FALSE,stable_pre_drift
192,what evidence links carbon pricing to emissions reduction focusing on emissions,mitigation,mitigation,TRUE,0.8177,0.94,FALSE,stable_pre_drift
193,how did COP28 address the global stocktake focusing on COP28,uae_cop28,uae_cop28,TRUE,0.8187,0.94,FALSE,stable_pre_drift
194,how does drought planning reduce climate risk focusing on water security,adaptation,adaptation,TRUE,0.8196,0.94,FALSE,stable_pre_drift
195,what adaptation policies help water security in the evidence graph,adaptation,adaptation,TRUE,0.8205,0.94,FALSE,stable_pre_drift
196,how does energy efficiency support climate mitigation for the GraphRAG agent,mitigation,mitigation,TRUE,0.8214,0.94,FALSE,stable_pre_drift
197,answer using citations about what were the major climate outcomes from COP28 in the UAE,uae_cop28,uae_cop28,TRUE,0.8223,0.94,FALSE,stable_pre_drift
198,how do NDCs guide climate policy implementation focusing on accountability,policy_governance,policy_governance,TRUE,0.8232,0.94,FALSE,stable_pre_drift
199,what does the dataset say about which AI methods are used in climate forecasting papers,technology_innovation,technology_innovation,TRUE,0.8241,0.94,FALSE,stable_pre_drift
200,what does climate science say about sea level rise focusing on attribution,climate_science,climate_science,TRUE,0.825,0.94,FALSE,stable_pre_drift
201,show climate evidence about methane reduction strategies from the climate PDFs,mitigation,mitigation,TRUE,0.8259,0.94,FALSE,stable_pre_drift
202,how can smart grids improve clean energy integration with source support,technology_innovation,technology_innovation,TRUE,0.8267,0.94,FALSE,stable_pre_drift
203,which adaptation measures protect coastal communities focusing on flood risk,adaptation,adaptation,TRUE,0.8276,0.94,FALSE,stable_pre_drift
204,answer using citations about show documents about climate finance policy,policy_governance,policy_governance,TRUE,0.8284,0.94,FALSE,stable_pre_drift
205,find evidence on what technologies support carbon capture and storage,technology_innovation,technology_innovation,TRUE,0.8293,0.94,FALSE,stable_pre_drift
206,find evidence on which innovations support green hydrogen deployment,technology_innovation,technology_innovation,TRUE,0.8301,0.94,FALSE,stable_pre_drift
207,which climate policies address renewable energy targets for the project report,policy_governance,policy_governance,TRUE,0.8309,0.94,FALSE,stable_pre_drift
208,explain the science behind climate feedback loops in the evidence graph,climate_science,climate_science,TRUE,0.8317,0.94,FALSE,stable_pre_drift
209,what governance mechanisms support national climate plans in the evidence graph,policy_governance,policy_governance,TRUE,0.8325,0.94,FALSE,stable_pre_drift
210,what adaptation policies help water security focusing on flood risk,adaptation,adaptation,TRUE,0.8333,0.94,FALSE,stable_pre_drift
211,what evidence links emissions to radiative forcing focusing on sea level,climate_science,climate_science,TRUE,0.8341,0.94,FALSE,stable_pre_drift
212,what does the dataset say about how can smart grids improve clean energy integration,technology_innovation,technology_innovation,TRUE,0.8349,0.94,FALSE,stable_pre_drift
213,show evidence about satellite monitoring for climate risks focusing on carbon capture,technology_innovation,technology_innovation,TRUE,0.8357,0.94,FALSE,stable_pre_drift
214,retrieve climate evidence for what evidence discusses carbon market governance,policy_governance,policy_governance,TRUE,0.8364,0.96,FALSE,stable_pre_drift
215,which innovations support green hydrogen deployment focusing on carbon capture,technology_innovation,technology_innovation,TRUE,0.8372,0.96,FALSE,stable_pre_drift
216,show evidence about disaster risk reduction and resilience from the climate PDFs,adaptation,adaptation,TRUE,0.838,0.96,FALSE,stable_pre_drift
217,which climate policies address renewable energy targets focusing on finance,policy_governance,policy_governance,TRUE,0.8387,0.96,FALSE,stable_pre_drift
218,what evidence mentions the UAE consensus and transition away from fossil fuels focusing on loss and damage,uae_cop28,uae_cop28,TRUE,0.8394,0.96,FALSE,stable_pre_drift
219,which UAE initiatives were discussed in the COP28 documents focusing on loss and damage,uae_cop28,uae_cop28,TRUE,0.8402,0.96,FALSE,stable_pre_drift
220,what adaptation policies help water security focusing on heat stress,adaptation,adaptation,TRUE,0.8409,0.96,FALSE,stable_pre_drift
221,summarize documents about which climate policies address renewable energy targets,policy_governance,policy_governance,TRUE,0.8416,0.96,FALSE,stable_pre_drift
222,what does the dataset say about show documents about climate finance policy,policy_governance,policy_governance,TRUE,0.8423,0.96,FALSE,stable_pre_drift
223,explain the science behind climate feedback loops for the GraphRAG agent,climate_science,climate_science,TRUE,0.843,0.96,FALSE,stable_pre_drift
224,which documents discuss UAE renewable energy commitments focusing on loss and damage,uae_cop28,uae_cop28,TRUE,0.8438,0.96,FALSE,stable_pre_drift
225,show COP28 evidence about loss and damage finance focusing on loss and damage,uae_cop28,uae_cop28,TRUE,0.8444,0.96,FALSE,stable_pre_drift
226,answer using citations about what mitigation actions reduce fossil fuel dependence,mitigation,mitigation,TRUE,0.8451,0.96,FALSE,stable_pre_drift
227,which papers explain global temperature anomalies with source support,climate_science,climate_science,TRUE,0.8458,0.96,FALSE,stable_pre_drift
228,show COP28 evidence about loss and damage finance for the project report,uae_cop28,uae_cop28,TRUE,0.8465,0.96,FALSE,stable_pre_drift
229,find evidence on what does climate science say about sea level rise,climate_science,climate_science,TRUE,0.8472,0.98,FALSE,stable_pre_drift
230,how do climate models project future warming from the climate PDFs,climate_science,climate_science,TRUE,0.8478,0.98,FALSE,stable_pre_drift
231,find evidence on which innovations support green hydrogen deployment,technology_innovation,technology_innovation,TRUE,0.8485,1,FALSE,stable_pre_drift
232,which innovations support green hydrogen deployment using reliable citations,technology_innovation,technology_innovation,TRUE,0.8491,1,FALSE,stable_pre_drift
233,what evidence discusses climate resilience for agriculture in the evidence graph,adaptation,adaptation,TRUE,0.8498,1,FALSE,stable_pre_drift
234,show findings about ocean warming and ice melt focusing on models,climate_science,climate_science,TRUE,0.8504,1,FALSE,stable_pre_drift
235,what does the dataset say about how do NDCs guide climate policy implementation,policy_governance,policy_governance,TRUE,0.8511,1,FALSE,stable_pre_drift
236,how can smart grids improve clean energy integration in the evidence graph,technology_innovation,technology_innovation,TRUE,0.8517,1,FALSE,stable_pre_drift
237,which papers explain global temperature anomalies focusing on attribution,climate_science,climate_science,TRUE,0.8523,1,FALSE,stable_pre_drift
238,what evidence links carbon pricing to emissions reduction using reliable citations,mitigation,mitigation,TRUE,0.8529,1,FALSE,stable_pre_drift
239,answer using citations about show findings about ocean warming and ice melt,climate_science,climate_science,TRUE,0.8536,1,FALSE,stable_pre_drift
240,how do NDCs guide climate policy implementation for the project report,policy_governance,policy_governance,TRUE,0.8542,1,FALSE,stable_pre_drift
241,what were the major climate outcomes from COP28 in the UAE focusing on loss and damage,uae_cop28,uae_cop28,TRUE,0.8548,1,FALSE,stable_pre_drift
242,summarize documents about which papers explain global temperature anomalies,climate_science,climate_science,TRUE,0.8554,1,FALSE,stable_pre_drift
243,how can smart grids improve clean energy integration for the project report,technology_innovation,technology_innovation,TRUE,0.856,1,FALSE,stable_pre_drift
244,what were the major climate outcomes from COP28 in the UAE focusing on global stocktake,uae_cop28,uae_cop28,TRUE,0.8566,1,FALSE,stable_pre_drift
245,what mitigation actions reduce fossil fuel dependence focusing on net zero,mitigation,mitigation,TRUE,0.8571,1,FALSE,stable_pre_drift
246,which documents discuss net zero mitigation pathways focusing on net zero,mitigation,mitigation,TRUE,0.8577,1,FALSE,stable_pre_drift
247,what evidence discusses climate resilience for agriculture focusing on flood risk,adaptation,adaptation,TRUE,0.8583,1,FALSE,stable_pre_drift
248,explain the science behind climate feedback loops focusing on sea level,climate_science,climate_science,TRUE,0.8589,1,FALSE,stable_pre_drift
249,what evidence links emissions to radiative forcing focusing on sea level,climate_science,climate_science,TRUE,0.8594,1,FALSE,stable_pre_drift
250,what does climate science say about sea level rise focusing on attribution,climate_science,climate_science,TRUE,0.86,1,FALSE,stable_pre_drift
251,what evidence discusses climate resilience for agriculture focusing on water security,adaptation,adaptation,TRUE,0.8606,1,FALSE,stable_pre_drift
252,how can smart grids improve clean energy integration focusing on AI,technology_innovation,technology_innovation,TRUE,0.8611,1,FALSE,stable_pre_drift
253,which documents discuss net zero mitigation pathways for the project report,mitigation,mitigation,TRUE,0.8617,1,FALSE,stable_pre_drift
254,show COP28 evidence about loss and damage finance for the project report,uae_cop28,uae_cop28,TRUE,0.8622,1,FALSE,stable_pre_drift
255,what does climate science say about sea level rise using reliable citations,climate_science,climate_science,TRUE,0.8627,1,FALSE,stable_pre_drift
256,how can smart grids improve clean energy integration for the project report,technology_innovation,technology_innovation,TRUE,0.8633,1,FALSE,stable_pre_drift
257,show documents about climate finance policy with source support,policy_governance,policy_governance,TRUE,0.8638,1,FALSE,stable_pre_drift
258,which source explains how can cities adapt to extreme heat and flooding,adaptation,adaptation,TRUE,0.8643,1,FALSE,stable_pre_drift
259,how can renewable energy reduce greenhouse gas emissions focusing on decarbonization,mitigation,mitigation,TRUE,0.8649,1,FALSE,stable_pre_drift
260,how does drought planning reduce climate risk for the project report,adaptation,adaptation,TRUE,0.8654,1,FALSE,stable_pre_drift
261,which documents discuss UAE renewable energy commitments for the project report,uae_cop28,uae_cop28,TRUE,0.8659,1,FALSE,stable_pre_drift
262,how does drought planning reduce climate risk focusing on resilience,adaptation,adaptation,TRUE,0.8664,1,FALSE,stable_pre_drift
263,what does the dataset say about which innovations support green hydrogen deployment,technology_innovation,technology_innovation,TRUE,0.8669,1,FALSE,stable_pre_drift
264,how does drought planning reduce climate risk focusing on water security,adaptation,adaptation,TRUE,0.8674,1,FALSE,stable_pre_drift
265,what does climate science say about sea level rise for the project report,climate_science,climate_science,TRUE,0.8679,1,FALSE,stable_pre_drift
266,find evidence on what does climate science say about sea level rise,climate_science,climate_science,TRUE,0.8684,1,FALSE,stable_pre_drift
267,which climate policies address renewable energy targets using reliable citations,policy_governance,policy_governance,TRUE,0.8689,1,FALSE,stable_pre_drift
268,summarize documents about how can renewable energy reduce greenhouse gas emissions,mitigation,mitigation,TRUE,0.8694,1,FALSE,stable_pre_drift
269,what technologies support carbon capture and storage focusing on AI,technology_innovation,technology_innovation,TRUE,0.8699,1,FALSE,stable_pre_drift
270,what technologies support carbon capture and storage focusing on satellite,technology_innovation,technology_innovation,TRUE,0.8704,1,FALSE,stable_pre_drift
271,which adaptation measures protect coastal communities focusing on flood risk,adaptation,adaptation,TRUE,0.8708,1,FALSE,stable_pre_drift
272,which AI methods are used in climate forecasting papers focusing on green hydrogen,technology_innovation,technology_innovation,TRUE,0.8713,1,FALSE,stable_pre_drift
273,what evidence discusses climate resilience for agriculture focusing on heat stress,adaptation,adaptation,TRUE,0.8718,1,FALSE,stable_pre_drift
274,what does the dataset say about show climate evidence about methane reduction strategies,mitigation,mitigation,TRUE,0.8723,1,FALSE,stable_pre_drift
275,what does the dataset say about what adaptation policies help water security,adaptation,adaptation,TRUE,0.8727,1,FALSE,stable_pre_drift
276,what evidence links carbon pricing to emissions reduction for the project report,mitigation,mitigation,TRUE,0.8732,1,FALSE,stable_pre_drift
277,how does energy efficiency support climate mitigation focusing on renewables,mitigation,mitigation,TRUE,0.8736,1,FALSE,stable_pre_drift
278,show evidence about satellite monitoring for climate risks from the climate PDFs,technology_innovation,technology_innovation,TRUE,0.8741,1,FALSE,stable_pre_drift
279,which AI methods are used in climate forecasting papers with source support,technology_innovation,technology_innovation,TRUE,0.8746,1,FALSE,stable_pre_drift
280,how does energy efficiency support climate mitigation with source support,mitigation,mitigation,TRUE,0.875,1,FALSE,stable_pre_drift
281,find evidence on show documents about climate finance policy,policy_governance,policy_governance,TRUE,0.8754,1,FALSE,stable_pre_drift
282,what does the dataset say about explain the science behind climate feedback loops,climate_science,climate_science,TRUE,0.8759,1,FALSE,stable_pre_drift
283,what role does machine learning play in climate analysis using reliable citations,technology_innovation,technology_innovation,TRUE,0.8763,1,FALSE,stable_pre_drift
284,how can smart grids improve clean energy integration in the evidence graph,technology_innovation,technology_innovation,TRUE,0.8768,1,FALSE,stable_pre_drift
285,show climate evidence about methane reduction strategies focusing on emissions,mitigation,mitigation,TRUE,0.8772,1,FALSE,stable_pre_drift
286,which documents discuss UAE renewable energy commitments from the climate PDFs,uae_cop28,uae_cop28,TRUE,0.8776,1,FALSE,stable_pre_drift
287,how do NDCs guide climate policy implementation for the project report,policy_governance,policy_governance,TRUE,0.878,1,FALSE,stable_pre_drift
288,what does the dataset say about which documents discuss net zero mitigation pathways,mitigation,mitigation,TRUE,0.8785,1,FALSE,stable_pre_drift
289,find evidence on which papers explain global temperature anomalies,climate_science,climate_science,TRUE,0.8789,1,FALSE,stable_pre_drift
290,how does energy efficiency support climate mitigation focusing on emissions,mitigation,mitigation,TRUE,0.8793,1,FALSE,stable_pre_drift
291,which papers explain global temperature anomalies using reliable citations,climate_science,climate_science,TRUE,0.8797,1,FALSE,stable_pre_drift
292,how can smart grids improve clean energy integration for the project report,technology_innovation,technology_innovation,TRUE,0.8801,1,FALSE,stable_pre_drift
293,show documents about climate finance policy focusing on NDC,policy_governance,policy_governance,TRUE,0.8805,1,FALSE,stable_pre_drift
294,retrieve climate evidence for how can smart grids improve clean energy integration,technology_innovation,technology_innovation,TRUE,0.881,1,FALSE,stable_pre_drift
295,find evidence on what evidence discusses climate resilience for agriculture,adaptation,adaptation,TRUE,0.8814,1,FALSE,stable_pre_drift
296,what does the dataset say about explain the science behind climate feedback loops,climate_science,climate_science,TRUE,0.8818,1,FALSE,stable_pre_drift
297,what technologies support carbon capture and storage focusing on carbon capture,technology_innovation,technology_innovation,TRUE,0.8822,1,FALSE,stable_pre_drift
298,show evidence about satellite monitoring for climate risks for the project report,technology_innovation,technology_innovation,TRUE,0.8826,1,FALSE,stable_pre_drift
299,answer using citations about how did COP28 address the global stocktake,uae_cop28,uae_cop28,TRUE,0.8829,1,FALSE,stable_pre_drift
300,summarize documents about how do climate models project future warming,climate_science,climate_science,TRUE,0.8833,1,FALSE,stable_pre_drift
301,answer using citations about what role does machine learning play in climate analysis,technology_innovation,technology_innovation,TRUE,0.8837,1,FALSE,stable_pre_drift
302,what were the major climate outcomes from COP28 in the UAE focusing on COP28,uae_cop28,uae_cop28,TRUE,0.8841,1,FALSE,stable_pre_drift
303,how does drought planning reduce climate risk from the climate PDFs,adaptation,adaptation,TRUE,0.8845,1,FALSE,stable_pre_drift
304,how do climate models project future warming focusing on sea level,climate_science,climate_science,TRUE,0.8849,1,FALSE,stable_pre_drift
305,show evidence about satellite monitoring for climate risks focusing on AI,technology_innovation,technology_innovation,TRUE,0.8852,1,FALSE,stable_pre_drift
306,what evidence discusses climate resilience for agriculture for the GraphRAG agent,adaptation,adaptation,TRUE,0.8856,1,FALSE,stable_pre_drift
307,show documents about climate finance policy in the evidence graph,policy_governance,policy_governance,TRUE,0.886,1,FALSE,stable_pre_drift
308,how do NDCs guide climate policy implementation focusing on regulation,policy_governance,policy_governance,TRUE,0.8864,1,FALSE,stable_pre_drift
309,answer using citations about which documents discuss net zero mitigation pathways,mitigation,mitigation,TRUE,0.8867,1,FALSE,stable_pre_drift
310,which documents discuss UAE renewable energy commitments for the GraphRAG agent,uae_cop28,uae_cop28,TRUE,0.8871,1,FALSE,stable_pre_drift
311,what evidence links carbon pricing to emissions reduction focusing on renewables,mitigation,mitigation,TRUE,0.8875,1,FALSE,stable_pre_drift
312,summarize documents about how can renewable energy reduce greenhouse gas emissions,mitigation,mitigation,TRUE,0.8878,1,FALSE,stable_pre_drift
313,find evidence on which adaptation measures protect coastal communities,adaptation,adaptation,TRUE,0.8882,1,FALSE,stable_pre_drift
314,which source explains show documents about climate finance policy,policy_governance,policy_governance,TRUE,0.8885,1,FALSE,stable_pre_drift
315,what role does machine learning play in climate analysis for the project report,technology_innovation,technology_innovation,TRUE,0.8889,1,FALSE,stable_pre_drift
316,what does climate science say about sea level rise focusing on attribution,climate_science,climate_science,TRUE,0.8892,1,FALSE,stable_pre_drift
317,how does energy efficiency support climate mitigation with source support,mitigation,mitigation,TRUE,0.8896,1,FALSE,stable_pre_drift
318,explain the science behind climate feedback loops for the project report,climate_science,climate_science,TRUE,0.8899,1,FALSE,stable_pre_drift
319,find evidence on what evidence mentions the UAE consensus and transition away from fossil fuels,uae_cop28,uae_cop28,TRUE,0.8903,1,FALSE,stable_pre_drift
320,which papers explain global temperature anomalies focusing on attribution,climate_science,climate_science,TRUE,0.8906,1,FALSE,stable_pre_drift
321,what does climate science say about sea level rise focusing on attribution,climate_science,climate_science,TRUE,0.891,1,FALSE,stable_pre_drift
322,how does drought planning reduce climate risk in the evidence graph,adaptation,adaptation,TRUE,0.8913,1,FALSE,stable_pre_drift
323,summarize documents about show findings about ocean warming and ice melt,climate_science,climate_science,TRUE,0.8916,1,FALSE,stable_pre_drift
324,what mitigation actions reduce fossil fuel dependence from the climate PDFs,mitigation,mitigation,TRUE,0.892,1,FALSE,stable_pre_drift
325,summarize documents about how do climate models project future warming,climate_science,climate_science,TRUE,0.8923,1,FALSE,stable_pre_drift
326,which papers explain global temperature anomalies for the project report,climate_science,climate_science,TRUE,0.8926,1,FALSE,stable_pre_drift
327,what evidence links carbon pricing to emissions reduction using reliable citations,mitigation,mitigation,TRUE,0.893,1,FALSE,stable_pre_drift
328,which innovations support green hydrogen deployment focusing on green hydrogen,technology_innovation,technology_innovation,TRUE,0.8933,1,FALSE,stable_pre_drift
329,how did COP28 address the global stocktake in the evidence graph,uae_cop28,uae_cop28,TRUE,0.8936,1,FALSE,stable_pre_drift
330,show documents about climate finance policy focusing on finance,policy_governance,policy_governance,TRUE,0.8939,1,FALSE,stable_pre_drift
331,which AI methods are used in climate forecasting papers for the GraphRAG agent,technology_innovation,technology_innovation,TRUE,0.8943,1,FALSE,stable_pre_drift
332,what does the dataset say about which regulations support climate accountability,policy_governance,policy_governance,TRUE,0.8946,1,FALSE,stable_pre_drift
333,show climate evidence about methane reduction strategies using reliable citations,mitigation,mitigation,TRUE,0.8949,1,FALSE,stable_pre_drift
334,which regulations support climate accountability using reliable citations,policy_governance,policy_governance,TRUE,0.8952,1,FALSE,stable_pre_drift
335,which UAE initiatives were discussed in the COP28 documents using reliable citations,uae_cop28,uae_cop28,TRUE,0.8955,1,FALSE,stable_pre_drift
336,what does the dataset say about how can cities adapt to extreme heat and flooding,adaptation,adaptation,TRUE,0.8958,1,FALSE,stable_pre_drift
337,answer using citations about what were the major climate outcomes from COP28 in the UAE,uae_cop28,uae_cop28,TRUE,0.8961,1,FALSE,stable_pre_drift
338,which regulations support climate accountability for the GraphRAG agent,policy_governance,policy_governance,TRUE,0.8964,1,FALSE,stable_pre_drift
339,which regulations support climate accountability with source support,policy_governance,policy_governance,TRUE,0.8968,1,FALSE,stable_pre_drift
340,find evidence on show COP28 evidence about loss and damage finance,uae_cop28,uae_cop28,TRUE,0.8971,1,FALSE,stable_pre_drift
341,answer using citations about what role does machine learning play in climate analysis,technology_innovation,technology_innovation,TRUE,0.8974,1,FALSE,stable_pre_drift
342,retrieve climate evidence for which documents discuss UAE renewable energy commitments,uae_cop28,uae_cop28,TRUE,0.8977,1,FALSE,stable_pre_drift
343,answer using citations about which UAE initiatives were discussed in the COP28 documents,uae_cop28,uae_cop28,TRUE,0.898,1,FALSE,stable_pre_drift
344,answer using citations about show COP28 evidence about loss and damage finance,uae_cop28,uae_cop28,TRUE,0.8983,1,FALSE,stable_pre_drift
345,which documents discuss net zero mitigation pathways for the GraphRAG agent,mitigation,mitigation,TRUE,0.8986,1,FALSE,stable_pre_drift
346,show evidence about disaster risk reduction and resilience in the evidence graph,adaptation,adaptation,TRUE,0.8988,1,FALSE,stable_pre_drift
347,how can smart grids improve clean energy integration from the climate PDFs,technology_innovation,technology_innovation,TRUE,0.8991,1,FALSE,stable_pre_drift
348,summarize documents about which adaptation measures protect coastal communities,adaptation,adaptation,TRUE,0.8994,1,FALSE,stable_pre_drift
349,how can cities adapt to extreme heat and flooding focusing on heat stress,adaptation,adaptation,TRUE,0.8997,1,FALSE,stable_pre_drift
350,what mitigation actions reduce fossil fuel dependence using reliable citations,policy_governance,mitigation,FALSE,0.8971,0.98,FALSE,concept_drift
351,summarize documents about what adaptation policies help water security,uae_cop28,adaptation,FALSE,0.8946,0.96,FALSE,concept_drift
352,which documents discuss UAE renewable energy commitments focusing on flood risk,adaptation,uae_cop28,FALSE,0.892,0.94,FALSE,concept_drift
353,how does energy efficiency support climate mitigation from the climate PDFs,policy_governance,mitigation,FALSE,0.8895,0.92,FALSE,concept_drift
354,what evidence discusses carbon market governance focusing on net zero,mitigation,policy_governance,FALSE,0.887,0.9,FALSE,concept_drift
355,which source explains what governance mechanisms support national climate plans,mitigation,policy_governance,FALSE,0.8845,0.88,FALSE,concept_drift
356,which adaptation measures protect coastal communities for the GraphRAG agent,uae_cop28,adaptation,FALSE,0.882,0.86,FALSE,concept_drift
357,what evidence discusses carbon market governance focusing on renewables,mitigation,policy_governance,FALSE,0.8796,0.84,FALSE,concept_drift
358,what adaptation policies help water security focusing on UAE consensus,uae_cop28,adaptation,FALSE,0.8771,0.82,FALSE,concept_drift
359,show climate evidence about methane reduction strategies focusing on accountability,policy_governance,mitigation,FALSE,0.8747,0.8,FALSE,concept_drift
360,summarize documents about which AI methods are used in climate forecasting papers,climate_science,technology_innovation,FALSE,0.8722,0.78,FALSE,concept_drift
361,what evidence links emissions to radiative forcing focusing on satellite,technology_innovation,climate_science,FALSE,0.8698,0.76,FALSE,concept_drift
362,what evidence links carbon pricing to emissions reduction focusing on accountability,policy_governance,mitigation,FALSE,0.8674,0.74,FALSE,concept_drift
363,how does energy efficiency support climate mitigation for the GraphRAG agent,policy_governance,mitigation,FALSE,0.865,0.72,FALSE,concept_drift
364,how does drought planning reduce climate risk with source support,uae_cop28,adaptation,FALSE,0.8626,0.7,FALSE,concept_drift
365,what does climate science say about sea level rise focusing on green hydrogen,technology_innovation,climate_science,FALSE,0.8603,0.68,FALSE,concept_drift
366,how can cities adapt to extreme heat and flooding focusing on global stocktake,uae_cop28,adaptation,FALSE,0.8579,0.66,FALSE,concept_drift
367,show documents about climate finance policy focusing on decarbonization,mitigation,policy_governance,FALSE,0.8556,0.64,FALSE,concept_drift
368,which regulations support climate accountability focusing on emissions,mitigation,policy_governance,FALSE,0.8533,0.62,FALSE,concept_drift
369,which documents discuss net zero mitigation pathways focusing on regulation,policy_governance,mitigation,FALSE,0.8509,0.6,FALSE,concept_drift
370,what does the dataset say about what role does machine learning play in climate analysis,climate_science,technology_innovation,FALSE,0.8486,0.58,FALSE,concept_drift
371,which source explains which adaptation measures protect coastal communities,uae_cop28,adaptation,FALSE,0.8464,0.56,FALSE,concept_drift
372,which source explains which documents discuss UAE renewable energy commitments,adaptation,uae_cop28,FALSE,0.8441,0.54,FALSE,concept_drift
373,show evidence about satellite monitoring for climate risks using reliable citations,climate_science,technology_innovation,FALSE,0.8418,0.52,FALSE,concept_drift
374,find evidence on show evidence about disaster risk reduction and resilience,uae_cop28,adaptation,FALSE,0.8396,0.5,FALSE,concept_drift
375,how can smart grids improve clean energy integration from the climate PDFs,climate_science,technology_innovation,FALSE,0.8373,0.48,FALSE,concept_drift
376,show COP28 evidence about loss and damage finance for the GraphRAG agent,adaptation,uae_cop28,FALSE,0.8351,0.46,FALSE,concept_drift
377,what mitigation actions reduce fossil fuel dependence in the evidence graph,policy_governance,mitigation,FALSE,0.8329,0.44,TRUE,concept_drift
378,show climate evidence about methane reduction strategies focusing on accountability,policy_governance,mitigation,FALSE,0.8307,0.42,FALSE,concept_drift
379,show findings about ocean warming and ice melt with source support,technology_innovation,climate_science,FALSE,0.8285,0.4,FALSE,concept_drift
380,which papers explain global temperature anomalies focusing on AI,technology_innovation,climate_science,FALSE,0.8263,0.38,FALSE,concept_drift
381,retrieve climate evidence for how did COP28 address the global stocktake,adaptation,uae_cop28,FALSE,0.8241,0.36,FALSE,concept_drift
382,show findings about ocean warming and ice melt focusing on satellite,technology_innovation,climate_science,FALSE,0.822,0.34,FALSE,concept_drift
383,what evidence mentions the UAE consensus and transition away from fossil fuels from the climate PDFs,adaptation,uae_cop28,FALSE,0.8198,0.32,FALSE,concept_drift
384,summarize documents about show climate evidence about methane reduction strategies,policy_governance,mitigation,FALSE,0.8177,0.3,FALSE,concept_drift
385,what does the dataset say about what evidence links carbon pricing to emissions reduction,policy_governance,mitigation,FALSE,0.8156,0.28,FALSE,concept_drift
386,answer using citations about which innovations support green hydrogen deployment,climate_science,technology_innovation,FALSE,0.8135,0.26,FALSE,concept_drift
387,which adaptation measures protect coastal communities focusing on global stocktake,uae_cop28,adaptation,FALSE,0.8114,0.24,FALSE,concept_drift
388,what does the dataset say about show climate evidence about methane reduction strategies,policy_governance,mitigation,FALSE,0.8093,0.22,FALSE,concept_drift
389,which regulations support climate accountability focusing on renewables,mitigation,policy_governance,FALSE,0.8072,0.2,FALSE,concept_drift
390,how do NDCs guide climate policy implementation in the evidence graph,mitigation,policy_governance,FALSE,0.8051,0.18,FALSE,concept_drift
391,explain the science behind climate feedback loops focusing on green hydrogen,technology_innovation,climate_science,FALSE,0.8031,0.16,FALSE,concept_drift
392,what evidence mentions the UAE consensus and transition away from fossil fuels from the climate PDFs,adaptation,uae_cop28,FALSE,0.801,0.14,FALSE,concept_drift
393,what does the dataset say about how can smart grids improve clean energy integration,climate_science,technology_innovation,FALSE,0.799,0.12,FALSE,concept_drift
394,how did COP28 address the global stocktake for the project report,adaptation,uae_cop28,FALSE,0.797,0.1,FALSE,concept_drift
395,what governance mechanisms support national climate plans with source support,mitigation,policy_governance,FALSE,0.7949,0.08,FALSE,concept_drift
396,find evidence on how did COP28 address the global stocktake,adaptation,uae_cop28,FALSE,0.7929,0.06,FALSE,concept_drift
397,show climate evidence about methane reduction strategies for the project report,policy_governance,policy_governance,TRUE,0.7935,0.06,FALSE,concept_drift
398,retrieve climate evidence for which UAE initiatives were discussed in the COP28 documents,adaptation,uae_cop28,FALSE,0.7915,0.04,FALSE,concept_drift
399,summarize documents about what evidence mentions the UAE consensus and transition away from fossil fuels,adaptation,uae_cop28,FALSE,0.7895,0.02,FALSE,concept_drift
400,how did COP28 address the global stocktake using reliable citations,adaptation,uae_cop28,FALSE,0.7875,0.02,FALSE,concept_drift
401,what mitigation actions reduce fossil fuel dependence for the GraphRAG agent,policy_governance,mitigation,FALSE,0.7855,0.02,FALSE,concept_drift
402,what evidence links emissions to radiative forcing using reliable citations,technology_innovation,climate_science,FALSE,0.7836,0.02,FALSE,concept_drift
403,what evidence links emissions to radiative forcing from the climate PDFs,technology_innovation,climate_science,FALSE,0.7816,0.02,FALSE,concept_drift
404,how can renewable energy reduce greenhouse gas emissions in the evidence graph,policy_governance,mitigation,FALSE,0.7797,0.02,FALSE,concept_drift
405,which AI methods are used in climate forecasting papers focusing on sea level,climate_science,technology_innovation,FALSE,0.7778,0.02,FALSE,concept_drift
406,what evidence mentions the UAE consensus and transition away from fossil fuels focusing on flood risk,adaptation,uae_cop28,FALSE,0.7759,0.02,FALSE,concept_drift
407,summarize documents about show findings about ocean warming and ice melt,technology_innovation,climate_science,FALSE,0.774,0.02,FALSE,concept_drift
408,how does energy efficiency support climate mitigation focusing on regulation,policy_governance,mitigation,FALSE,0.7721,0.02,FALSE,concept_drift
409,which climate policies address renewable energy targets for the project report,mitigation,policy_governance,FALSE,0.7702,0.02,FALSE,concept_drift
410,what mitigation actions reduce fossil fuel dependence focusing on finance,policy_governance,mitigation,FALSE,0.7683,0.02,FALSE,concept_drift
411,show evidence about disaster risk reduction and resilience focusing on UAE consensus,uae_cop28,adaptation,FALSE,0.7664,0.02,FALSE,concept_drift
412,what technologies support carbon capture and storage focusing on models,climate_science,technology_innovation,FALSE,0.7646,0.02,FALSE,concept_drift
413,retrieve climate evidence for what evidence discusses climate resilience for agriculture,uae_cop28,adaptation,FALSE,0.7627,0.02,FALSE,concept_drift
414,how can smart grids improve clean energy integration focusing on attribution,climate_science,technology_innovation,FALSE,0.7609,0.02,FALSE,concept_drift
415,which source explains what technologies support carbon capture and storage,climate_science,technology_innovation,FALSE,0.759,0.02,FALSE,concept_drift
416,show COP28 evidence about loss and damage finance in the evidence graph,adaptation,uae_cop28,FALSE,0.7572,0.02,FALSE,concept_drift
417,which AI methods are used in climate forecasting papers focusing on temperature,climate_science,technology_innovation,FALSE,0.7554,0.02,FALSE,concept_drift
418,what were the major climate outcomes from COP28 in the UAE using reliable citations,adaptation,uae_cop28,FALSE,0.7536,0.02,FALSE,concept_drift
419,which papers explain global temperature anomalies focusing on satellite,technology_innovation,climate_science,FALSE,0.7518,0.02,FALSE,concept_drift
420,how does drought planning reduce climate risk focusing on COP28,uae_cop28,adaptation,FALSE,0.75,0.02,FALSE,concept_drift
421,what does the dataset say about what technologies support carbon capture and storage,climate_science,technology_innovation,FALSE,0.7482,0.02,FALSE,concept_drift
422,which UAE initiatives were discussed in the COP28 documents focusing on heat stress,adaptation,uae_cop28,FALSE,0.7464,0.02,FALSE,concept_drift
423,answer using citations about how can smart grids improve clean energy integration,climate_science,technology_innovation,FALSE,0.7447,0.02,FALSE,concept_drift
424,how can smart grids improve clean energy integration using reliable citations,climate_science,technology_innovation,FALSE,0.7429,0.02,FALSE,concept_drift
425,which AI methods are used in climate forecasting papers using reliable citations,climate_science,technology_innovation,FALSE,0.7412,0.02,FALSE,concept_drift
426,what evidence discusses climate resilience for agriculture focusing on global stocktake,uae_cop28,adaptation,FALSE,0.7394,0.02,FALSE,concept_drift
427,answer using citations about which AI methods are used in climate forecasting papers,climate_science,technology_innovation,FALSE,0.7377,0.02,FALSE,concept_drift
428,how can smart grids improve clean energy integration focusing on temperature,climate_science,technology_innovation,FALSE,0.736,0.02,FALSE,concept_drift
429,what evidence discusses carbon market governance for the project report,mitigation,policy_governance,FALSE,0.7343,0.02,FALSE,concept_drift
430,how can smart grids improve clean energy integration for the project report,climate_science,technology_innovation,FALSE,0.7326,0.02,FALSE,concept_drift
431,find evidence on how do NDCs guide climate policy implementation,mitigation,policy_governance,FALSE,0.7309,0.02,FALSE,concept_drift
432,how does drought planning reduce climate risk from the climate PDFs,uae_cop28,adaptation,FALSE,0.7292,0.02,FALSE,concept_drift
433,answer using citations about explain the science behind climate feedback loops,technology_innovation,climate_science,FALSE,0.7275,0.02,FALSE,concept_drift
434,show findings about ocean warming and ice melt focusing on green hydrogen,technology_innovation,technology_innovation,TRUE,0.7281,0.04,FALSE,concept_drift
435,which source explains which adaptation measures protect coastal communities,uae_cop28,adaptation,FALSE,0.7264,0.04,FALSE,concept_drift
436,find evidence on which documents discuss net zero mitigation pathways,policy_governance,mitigation,FALSE,0.7248,0.04,FALSE,concept_drift
437,which documents discuss net zero mitigation pathways focusing on accountability,policy_governance,mitigation,FALSE,0.7231,0.04,FALSE,concept_drift
438,what governance mechanisms support national climate plans focusing on decarbonization,mitigation,policy_governance,FALSE,0.7215,0.04,FALSE,concept_drift
439,summarize documents about what role does machine learning play in climate analysis,climate_science,technology_innovation,FALSE,0.7198,0.04,FALSE,concept_drift
440,carbon market regulation and policy implementation evidence focusing on accountability,policy_governance,policy_governance,TRUE,0.7205,0.06,FALSE,stable_post_drift
441,governance evidence for implementing COP28 climate commitments from the climate PDFs,policy_governance,uae_cop28,FALSE,0.7188,0.06,FALSE,stable_post_drift
442,which source explains loss and damage adaptation support for coastal climate risk,adaptation,uae_cop28,FALSE,0.7172,0.06,FALSE,stable_post_drift
443,carbon market regulation and policy implementation evidence with source support,policy_governance,policy_governance,TRUE,0.7178,0.08,FALSE,stable_post_drift
444,climate finance governance and transparent reporting evidence focusing on finance,policy_governance,policy_governance,TRUE,0.7185,0.1,FALSE,stable_post_drift
445,climate science basis for extreme event attribution from the climate PDFs,climate_science,climate_science,TRUE,0.7191,0.12,FALSE,stable_post_drift
446,observed sea level rise evidence from climate indicators in the evidence graph,climate_science,climate_science,TRUE,0.7197,0.14,FALSE,stable_post_drift
447,find evidence on satellite and machine learning tools for climate evidence extraction,technology_innovation,technology_innovation,TRUE,0.7204,0.14,FALSE,stable_post_drift
448,climate finance governance and transparent reporting evidence focusing on finance,policy_governance,policy_governance,TRUE,0.721,0.16,FALSE,stable_post_drift
449,summarize documents about climate resilience planning after extreme weather events,adaptation,adaptation,TRUE,0.7216,0.18,FALSE,stable_post_drift
450,retrieve climate evidence for carbon capture technology evidence after COP28 transition goals,technology_innovation,uae_cop28,FALSE,0.72,0.18,FALSE,stable_post_drift
451,loss and damage adaptation support for coastal climate risk using reliable citations,adaptation,uae_cop28,FALSE,0.7184,0.18,FALSE,stable_post_drift
452,satellite and machine learning tools for climate evidence extraction using reliable citations,technology_innovation,technology_innovation,TRUE,0.719,0.2,FALSE,stable_post_drift
453,climate finance governance and transparent reporting evidence focusing on accountability,policy_governance,policy_governance,TRUE,0.7196,0.22,FALSE,stable_post_drift
454,new climate model evidence for attribution and warming trends for the project report,climate_science,climate_science,TRUE,0.7203,0.24,FALSE,stable_post_drift
455,answer using citations about UAE consensus evidence on energy transition and global stocktake,uae_cop28,uae_cop28,TRUE,0.7209,0.26,FALSE,stable_post_drift
456,COP28 UAE renewable energy and climate finance outcomes from the climate PDFs,uae_cop28,uae_cop28,TRUE,0.7215,0.28,FALSE,stable_post_drift
457,carbon market regulation and policy implementation evidence focusing on regulation,policy_governance,policy_governance,TRUE,0.7221,0.3,FALSE,stable_post_drift
458,what does the dataset say about post COP28 resilience planning for heat and water security,adaptation,adaptation,TRUE,0.7227,0.32,FALSE,stable_post_drift
459,carbon market regulation and policy implementation evidence using reliable citations,policy_governance,policy_governance,TRUE,0.7233,0.34,FALSE,stable_post_drift
460,UAE consensus evidence on energy transition and global stocktake using reliable citations,uae_cop28,uae_cop28,TRUE,0.7239,0.36,FALSE,stable_post_drift
461,summarize documents about climate science basis for extreme event attribution,climate_science,climate_science,TRUE,0.7245,0.38,FALSE,stable_post_drift
462,climate finance governance and transparent reporting evidence for the project report,policy_governance,policy_governance,TRUE,0.7251,0.4,FALSE,stable_post_drift
463,summarize documents about satellite and machine learning tools for climate evidence extraction,technology_innovation,technology_innovation,TRUE,0.7257,0.42,FALSE,stable_post_drift
464,observed sea level rise evidence from climate indicators focusing on temperature,climate_science,climate_science,TRUE,0.7263,0.44,FALSE,stable_post_drift
465,Dubai COP28 agreement evidence for transition away from fossil fuels in the evidence graph,uae_cop28,uae_cop28,TRUE,0.7269,0.46,FALSE,stable_post_drift
466,retrieve climate evidence for observed sea level rise evidence from climate indicators,climate_science,climate_science,TRUE,0.7275,0.48,FALSE,stable_post_drift
467,carbon capture technology evidence after COP28 transition goals focusing on carbon capture,technology_innovation,technology_innovation,TRUE,0.7281,0.5,FALSE,stable_post_drift
468,answer using citations about COP28 UAE renewable energy and climate finance outcomes,uae_cop28,uae_cop28,TRUE,0.7286,0.52,FALSE,stable_post_drift
469,sectoral emissions reduction pathway linked to climate policy focusing on net zero,mitigation,mitigation,TRUE,0.7292,0.54,FALSE,stable_post_drift
470,retrieve climate evidence for loss and damage adaptation support for coastal climate risk,adaptation,adaptation,TRUE,0.7298,0.56,FALSE,stable_post_drift
471,retrieve climate evidence for green hydrogen innovation for industrial decarbonization,technology_innovation,technology_innovation,TRUE,0.7304,0.58,FALSE,stable_post_drift
472,what does the dataset say about adaptation finance evidence for vulnerable communities,adaptation,adaptation,TRUE,0.7309,0.6,FALSE,stable_post_drift
473,retrieve climate evidence for AI enabled climate monitoring and early warning innovation,technology_innovation,technology_innovation,TRUE,0.7315,0.62,TRUE,stable_post_drift
474,COP28 UAE renewable energy and climate finance outcomes in the evidence graph,uae_cop28,uae_cop28,TRUE,0.7321,0.64,FALSE,stable_post_drift
475,answer using citations about policy accountability for national climate targets and NDCs,policy_governance,policy_governance,TRUE,0.7326,0.66,FALSE,stable_post_drift
476,policy aligned emissions cuts and fossil fuel phase down evidence for the project report,mitigation,policy_governance,FALSE,0.7311,0.66,FALSE,stable_post_drift
477,UAE consensus evidence on energy transition and global stocktake from the climate PDFs,uae_cop28,uae_cop28,TRUE,0.7317,0.68,FALSE,stable_post_drift
478,UAE consensus evidence on energy transition and global stocktake focusing on loss and damage,uae_cop28,uae_cop28,TRUE,0.7322,0.7,FALSE,stable_post_drift
479,retrieve climate evidence for loss and damage adaptation support for coastal climate risk,adaptation,adaptation,TRUE,0.7328,0.72,FALSE,stable_post_drift
480,satellite and machine learning tools for climate evidence extraction for the project report,technology_innovation,technology_innovation,TRUE,0.7333,0.74,FALSE,stable_post_drift
481,carbon market regulation and policy implementation evidence focusing on regulation,policy_governance,policy_governance,TRUE,0.7339,0.76,FALSE,stable_post_drift
482,answer using citations about policy accountability for national climate targets and NDCs,policy_governance,policy_governance,TRUE,0.7344,0.78,FALSE,stable_post_drift
483,what does the dataset say about climate finance governance and transparent reporting evidence,policy_governance,policy_governance,TRUE,0.735,0.8,FALSE,stable_post_drift
484,COP28 UAE renewable energy and climate finance outcomes for the project report,uae_cop28,uae_cop28,TRUE,0.7355,0.8,FALSE,stable_post_drift
485,answer using citations about UAE hosted COP28 documents on loss and damage and adaptation finance,uae_cop28,uae_cop28,TRUE,0.7361,0.82,FALSE,stable_post_drift
486,summarize documents about mitigation route for national carbon budget after global stocktake,mitigation,policy_governance,FALSE,0.7346,0.82,FALSE,stable_post_drift
487,sectoral emissions reduction pathway linked to climate policy for the GraphRAG agent,mitigation,mitigation,TRUE,0.7351,0.84,FALSE,stable_post_drift
488,what does the dataset say about Dubai COP28 agreement evidence for transition away from fossil fuels,uae_cop28,uae_cop28,TRUE,0.7357,0.86,FALSE,stable_post_drift
489,AI enabled climate monitoring and early warning innovation from the climate PDFs,technology_innovation,technology_innovation,TRUE,0.7362,0.88,FALSE,stable_post_drift
490,climate finance governance and transparent reporting evidence for the GraphRAG agent,policy_governance,policy_governance,TRUE,0.7367,0.88,FALSE,stable_post_drift
491,scientific assessment of temperature overshoot and feedbacks focusing on temperature,climate_science,climate_science,TRUE,0.7373,0.9,FALSE,stable_post_drift
492,carbon market regulation and policy implementation evidence using reliable citations,policy_governance,policy_governance,TRUE,0.7378,0.92,FALSE,stable_post_drift
493,COP28 UAE renewable energy and climate finance outcomes using reliable citations,uae_cop28,uae_cop28,TRUE,0.7383,0.92,FALSE,stable_post_drift
494,UAE consensus evidence on energy transition and global stocktake for the GraphRAG agent,uae_cop28,uae_cop28,TRUE,0.7389,0.92,FALSE,stable_post_drift
495,policy aligned emissions cuts and fossil fuel phase down evidence focusing on emissions,mitigation,mitigation,TRUE,0.7394,0.92,FALSE,stable_post_drift
496,retrieve climate evidence for COP28 UAE renewable energy and climate finance outcomes,uae_cop28,uae_cop28,TRUE,0.7399,0.92,FALSE,stable_post_drift
497,retrieve climate evidence for policy accountability for national climate targets and NDCs,policy_governance,policy_governance,TRUE,0.7404,0.92,FALSE,stable_post_drift
498,which source explains governance evidence for implementing COP28 climate commitments,policy_governance,policy_governance,TRUE,0.741,0.92,FALSE,stable_post_drift
499,governance evidence for implementing COP28 climate commitments for the GraphRAG agent,policy_governance,policy_governance,TRUE,0.7415,0.92,FALSE,stable_post_drift
500,carbon capture technology evidence after COP28 transition goals focusing on green hydrogen,technology_innovation,technology_innovation,TRUE,0.742,0.94,FALSE,stable_post_drift
501,AI enabled climate monitoring and early warning innovation for the project report,technology_innovation,technology_innovation,TRUE,0.7425,0.96,FALSE,stable_post_drift
502,policy aligned emissions cuts and fossil fuel phase down evidence focusing on emissions,mitigation,mitigation,TRUE,0.743,0.96,FALSE,stable_post_drift
503,summarize documents about climate finance governance and transparent reporting evidence,policy_governance,policy_governance,TRUE,0.7435,0.96,FALSE,stable_post_drift
504,carbon capture technology evidence after COP28 transition goals focusing on green hydrogen,technology_innovation,technology_innovation,TRUE,0.744,0.96,FALSE,stable_post_drift
505,answer using citations about carbon market regulation and policy implementation evidence,policy_governance,policy_governance,TRUE,0.7446,0.96,FALSE,stable_post_drift
506,retrieve climate evidence for COP28 UAE renewable energy and climate finance outcomes,uae_cop28,uae_cop28,TRUE,0.7451,0.96,FALSE,stable_post_drift
507,policy accountability for national climate targets and NDCs focusing on regulation,policy_governance,policy_governance,TRUE,0.7456,0.96,FALSE,stable_post_drift
508,satellite and machine learning tools for climate evidence extraction using reliable citations,technology_innovation,technology_innovation,TRUE,0.7461,0.96,FALSE,stable_post_drift
509,what does the dataset say about carbon market regulation and policy implementation evidence,policy_governance,policy_governance,TRUE,0.7466,0.96,FALSE,stable_post_drift
510,answer using citations about adaptation finance evidence for vulnerable communities,adaptation,uae_cop28,FALSE,0.7451,0.94,FALSE,stable_post_drift
511,find evidence on governance evidence for implementing COP28 climate commitments,policy_governance,policy_governance,TRUE,0.7456,0.94,FALSE,stable_post_drift
512,find evidence on carbon market regulation and policy implementation evidence,policy_governance,policy_governance,TRUE,0.7461,0.94,FALSE,stable_post_drift
513,policy accountability for national climate targets and NDCs focusing on regulation,policy_governance,policy_governance,TRUE,0.7466,0.94,FALSE,stable_post_drift
514,answer using citations about green hydrogen innovation for industrial decarbonization,technology_innovation,technology_innovation,TRUE,0.7471,0.94,FALSE,stable_post_drift
515,summarize documents about climate finance governance and transparent reporting evidence,policy_governance,policy_governance,TRUE,0.7476,0.94,FALSE,stable_post_drift
516,find evidence on COP28 UAE renewable energy and climate finance outcomes,uae_cop28,uae_cop28,TRUE,0.7481,0.94,FALSE,stable_post_drift
517,policy accountability for national climate targets and NDCs with source support,policy_governance,policy_governance,TRUE,0.7485,0.94,FALSE,stable_post_drift
518,UAE hosted COP28 documents on loss and damage and adaptation finance in the evidence graph,uae_cop28,uae_cop28,TRUE,0.749,0.94,FALSE,stable_post_drift
519,climate resilience planning after extreme weather events focusing on flood risk,adaptation,adaptation,TRUE,0.7495,0.94,FALSE,stable_post_drift
520,policy accountability for national climate targets and NDCs focusing on finance,policy_governance,policy_governance,TRUE,0.75,0.94,FALSE,stable_post_drift
521,climate resilience planning after extreme weather events in the evidence graph,adaptation,adaptation,TRUE,0.7505,0.94,FALSE,stable_post_drift
522,summarize documents about policy accountability for national climate targets and NDCs,policy_governance,policy_governance,TRUE,0.751,0.94,FALSE,stable_post_drift
523,new climate model evidence for attribution and warming trends focusing on attribution,climate_science,climate_science,TRUE,0.7514,0.94,FALSE,stable_post_drift
524,answer using citations about mitigation route for national carbon budget after global stocktake,mitigation,mitigation,TRUE,0.7519,0.94,FALSE,stable_post_drift
525,retrieve climate evidence for AI enabled climate monitoring and early warning innovation,technology_innovation,technology_innovation,TRUE,0.7524,0.94,FALSE,stable_post_drift
526,what does the dataset say about green hydrogen innovation for industrial decarbonization,technology_innovation,technology_innovation,TRUE,0.7529,0.96,FALSE,stable_post_drift
527,new climate model evidence for attribution and warming trends focusing on temperature,climate_science,climate_science,TRUE,0.7533,0.96,FALSE,stable_post_drift
528,UAE consensus evidence on energy transition and global stocktake focusing on loss and damage,uae_cop28,uae_cop28,TRUE,0.7538,0.96,FALSE,stable_post_drift
529,green hydrogen innovation for industrial decarbonization focusing on carbon capture,technology_innovation,technology_innovation,TRUE,0.7543,0.96,FALSE,stable_post_drift
530,climate finance governance and transparent reporting evidence for the project report,policy_governance,policy_governance,TRUE,0.7547,0.96,FALSE,stable_post_drift
531,observed sea level rise evidence from climate indicators in the evidence graph,climate_science,climate_science,TRUE,0.7552,0.96,FALSE,stable_post_drift
532,carbon market regulation and policy implementation evidence focusing on finance,policy_governance,policy_governance,TRUE,0.7556,0.96,FALSE,stable_post_drift
533,climate science basis for extreme event attribution from the climate PDFs,climate_science,climate_science,TRUE,0.7561,0.96,FALSE,stable_post_drift
534,AI enabled climate monitoring and early warning innovation using reliable citations,technology_innovation,technology_innovation,TRUE,0.7566,0.96,FALSE,stable_post_drift
535,what does the dataset say about carbon market regulation and policy implementation evidence,policy_governance,policy_governance,TRUE,0.757,0.96,FALSE,stable_post_drift
536,adaptation finance evidence for vulnerable communities for the project report,adaptation,adaptation,TRUE,0.7575,0.98,FALSE,stable_post_drift
537,climate science basis for extreme event attribution for the project report,climate_science,climate_science,TRUE,0.7579,0.98,FALSE,stable_post_drift
538,COP28 UAE renewable energy and climate finance outcomes focusing on UAE consensus,uae_cop28,uae_cop28,TRUE,0.7584,0.98,FALSE,stable_post_drift
539,governance evidence for implementing COP28 climate commitments focusing on NDC,policy_governance,policy_governance,TRUE,0.7588,0.98,FALSE,stable_post_drift
540,policy aligned emissions cuts and fossil fuel phase down evidence for the project report,mitigation,mitigation,TRUE,0.7593,0.98,FALSE,stable_post_drift
541,which source explains adaptation finance evidence for vulnerable communities,adaptation,adaptation,TRUE,0.7597,0.98,FALSE,stable_post_drift
542,retrieve climate evidence for climate science basis for extreme event attribution,climate_science,climate_science,TRUE,0.7601,0.98,FALSE,stable_post_drift
543,governance evidence for implementing COP28 climate commitments for the GraphRAG agent,policy_governance,policy_governance,TRUE,0.7606,0.98,FALSE,stable_post_drift
544,climate finance governance and transparent reporting evidence for the project report,policy_governance,policy_governance,TRUE,0.761,0.98,FALSE,stable_post_drift
545,green hydrogen innovation for industrial decarbonization focusing on AI,technology_innovation,technology_innovation,TRUE,0.7615,0.98,FALSE,stable_post_drift
546,policy accountability for national climate targets and NDCs for the GraphRAG agent,policy_governance,policy_governance,TRUE,0.7619,0.98,FALSE,stable_post_drift
547,which source explains Dubai COP28 agreement evidence for transition away from fossil fuels,uae_cop28,uae_cop28,TRUE,0.7623,0.98,FALSE,stable_post_drift
548,find evidence on policy accountability for national climate targets and NDCs,policy_governance,policy_governance,TRUE,0.7628,0.98,FALSE,stable_post_drift
549,AI enabled climate monitoring and early warning innovation in the evidence graph,technology_innovation,technology_innovation,TRUE,0.7632,0.98,FALSE,stable_post_drift
550,governance evidence for implementing COP28 climate commitments focusing on NDC,policy_governance,policy_governance,TRUE,0.7636,0.98,FALSE,stable_post_drift
551,sectoral emissions reduction pathway linked to climate policy with source support,mitigation,mitigation,TRUE,0.7641,0.98,FALSE,stable_post_drift
552,answer using citations about UAE consensus evidence on energy transition and global stocktake,uae_cop28,uae_cop28,TRUE,0.7645,0.98,FALSE,stable_post_drift
553,find evidence on UAE hosted COP28 documents on loss and damage and adaptation finance,uae_cop28,uae_cop28,TRUE,0.7649,0.98,FALSE,stable_post_drift
554,what does the dataset say about satellite and machine learning tools for climate evidence extraction,technology_innovation,technology_innovation,TRUE,0.7653,0.98,FALSE,stable_post_drift
555,mitigation route for national carbon budget after global stocktake focusing on decarbonization,mitigation,mitigation,TRUE,0.7658,0.98,FALSE,stable_post_drift
556,retrieve climate evidence for carbon capture technology evidence after COP28 transition goals,technology_innovation,technology_innovation,TRUE,0.7662,0.98,FALSE,stable_post_drift
557,climate resilience planning after extreme weather events for the project report,adaptation,adaptation,TRUE,0.7666,0.98,FALSE,stable_post_drift
558,which source explains post COP28 resilience planning for heat and water security,adaptation,adaptation,TRUE,0.767,0.98,FALSE,stable_post_drift
559,post COP28 resilience planning for heat and water security using reliable citations,adaptation,adaptation,TRUE,0.7674,0.98,FALSE,stable_post_drift
560,what does the dataset say about UAE hosted COP28 documents on loss and damage and adaptation finance,uae_cop28,uae_cop28,TRUE,0.7679,1,FALSE,stable_post_drift
561,retrieve climate evidence for UAE hosted COP28 documents on loss and damage and adaptation finance,uae_cop28,uae_cop28,TRUE,0.7683,1,FALSE,stable_post_drift
562,UAE hosted COP28 documents on loss and damage and adaptation finance for the project report,uae_cop28,uae_cop28,TRUE,0.7687,1,FALSE,stable_post_drift
563,climate finance governance and transparent reporting evidence focusing on regulation,policy_governance,policy_governance,TRUE,0.7691,1,FALSE,stable_post_drift
564,mitigation route for national carbon budget after global stocktake focusing on renewables,mitigation,mitigation,TRUE,0.7695,1,FALSE,stable_post_drift
565,carbon capture technology evidence after COP28 transition goals with source support,technology_innovation,technology_innovation,TRUE,0.7699,1,FALSE,stable_post_drift
566,renewable target evidence for reducing fossil fuel reliance for the GraphRAG agent,mitigation,mitigation,TRUE,0.7703,1,FALSE,stable_post_drift
567,policy aligned emissions cuts and fossil fuel phase down evidence using reliable citations,mitigation,mitigation,TRUE,0.7707,1,FALSE,stable_post_drift
568,what does the dataset say about carbon market regulation and policy implementation evidence,policy_governance,policy_governance,TRUE,0.7711,1,FALSE,stable_post_drift
569,which source explains climate finance governance and transparent reporting evidence,policy_governance,policy_governance,TRUE,0.7715,1,FALSE,stable_post_drift
570,governance evidence for implementing COP28 climate commitments from the climate PDFs,policy_governance,policy_governance,TRUE,0.7719,1,FALSE,stable_post_drift
571,what does the dataset say about green hydrogen innovation for industrial decarbonization,technology_innovation,technology_innovation,TRUE,0.7723,1,FALSE,stable_post_drift
572,governance evidence for implementing COP28 climate commitments in the evidence graph,policy_governance,policy_governance,TRUE,0.7727,1,FALSE,stable_post_drift
573,summarize documents about new climate model evidence for attribution and warming trends,climate_science,climate_science,TRUE,0.7731,1,FALSE,stable_post_drift
574,carbon capture technology evidence after COP28 transition goals from the climate PDFs,technology_innovation,technology_innovation,TRUE,0.7735,1,FALSE,stable_post_drift
575,climate science basis for extreme event attribution focusing on sea level,climate_science,climate_science,TRUE,0.7739,1,FALSE,stable_post_drift
576,answer using citations about observed sea level rise evidence from climate indicators,climate_science,climate_science,TRUE,0.7743,1,FALSE,stable_post_drift
577,answer using citations about COP28 UAE renewable energy and climate finance outcomes,uae_cop28,uae_cop28,TRUE,0.7747,1,FALSE,stable_post_drift
578,loss and damage adaptation support for coastal climate risk focusing on flood risk,adaptation,adaptation,TRUE,0.7751,1,FALSE,stable_post_drift
579,Dubai COP28 agreement evidence for transition away from fossil fuels focusing on loss and damage,uae_cop28,uae_cop28,TRUE,0.7755,1,FALSE,stable_post_drift
580,which source explains Dubai COP28 agreement evidence for transition away from fossil fuels,uae_cop28,uae_cop28,TRUE,0.7759,1,FALSE,stable_post_drift
581,scientific assessment of temperature overshoot and feedbacks using reliable citations,climate_science,climate_science,TRUE,0.7762,1,FALSE,stable_post_drift
582,sectoral emissions reduction pathway linked to climate policy for the GraphRAG agent,mitigation,mitigation,TRUE,0.7766,1,FALSE,stable_post_drift
583,UAE consensus evidence on energy transition and global stocktake from the climate PDFs,uae_cop28,uae_cop28,TRUE,0.777,1,FALSE,stable_post_drift
584,green hydrogen innovation for industrial decarbonization for the project report,technology_innovation,technology_innovation,TRUE,0.7774,1,FALSE,stable_post_drift
585,carbon market regulation and policy implementation evidence using reliable citations,policy_governance,policy_governance,TRUE,0.7778,1,FALSE,stable_post_drift
586,carbon market regulation and policy implementation evidence for the GraphRAG agent,policy_governance,policy_governance,TRUE,0.7782,1,FALSE,stable_post_drift
587,AI enabled climate monitoring and early warning innovation focusing on AI,technology_innovation,technology_innovation,TRUE,0.7785,1,FALSE,stable_post_drift
588,satellite and machine learning tools for climate evidence extraction with source support,technology_innovation,technology_innovation,TRUE,0.7789,1,FALSE,stable_post_drift
589,carbon market regulation and policy implementation evidence focusing on finance,policy_governance,policy_governance,TRUE,0.7793,1,FALSE,stable_post_drift
590,retrieve climate evidence for governance evidence for implementing COP28 climate commitments,policy_governance,policy_governance,TRUE,0.7797,1,FALSE,stable_post_drift
591,green hydrogen innovation for industrial decarbonization in the evidence graph,technology_innovation,technology_innovation,TRUE,0.78,1,FALSE,stable_post_drift
592,green hydrogen innovation for industrial decarbonization focusing on green hydrogen,technology_innovation,technology_innovation,TRUE,0.7804,1,FALSE,stable_post_drift
593,climate finance governance and transparent reporting evidence focusing on accountability,policy_governance,policy_governance,TRUE,0.7808,1,FALSE,stable_post_drift
594,which source explains mitigation route for national carbon budget after global stocktake,mitigation,mitigation,TRUE,0.7811,1,FALSE,stable_post_drift
595,UAE hosted COP28 documents on loss and damage and adaptation finance in the evidence graph,uae_cop28,uae_cop28,TRUE,0.7815,1,FALSE,stable_post_drift
596,find evidence on carbon capture technology evidence after COP28 transition goals,technology_innovation,technology_innovation,TRUE,0.7819,1,FALSE,stable_post_drift
597,UAE consensus evidence on energy transition and global stocktake focusing on COP28,uae_cop28,uae_cop28,TRUE,0.7822,1,FALSE,stable_post_drift
598,green hydrogen innovation for industrial decarbonization using reliable citations,technology_innovation,technology_innovation,TRUE,0.7826,1,FALSE,stable_post_drift
599,which source explains climate resilience planning after extreme weather events,adaptation,adaptation,TRUE,0.783,1,FALSE,stable_post_drift
600,green hydrogen innovation for industrial decarbonization for the project report,technology_innovation,technology_innovation,TRUE,0.7833,1,FALSE,stable_post_drift
